source_name,num_confirmed_img,num_confirmed_anns,num_labels,labels
s1002,920,46000,43,"[84, 103, 118, 138, 168, 169, 170, 171, 172, 173, 174, 175, 176, 177, 178, 179, 180, 423, 428, 435, 503, 780, 804, 956, 974, 1351, 1403, 1411, 1412, 1415, 1423, 1426, 1427, 1432, 1433, 1442, 1453, 1647, 2011, 2461, 2590, 2594, 2598]"
s1003,920,46000,43,"[84, 103, 118, 138, 168, 169, 170, 171, 172, 173, 174, 175, 176, 177, 178, 179, 180, 423, 428, 435, 503, 780, 804, 956, 974, 1351, 1403, 1411, 1412, 1415, 1423, 1426, 1427, 1432, 1433, 1442, 1453, 1647, 2011, 2461, 2590, 2594, 2598]"
s1004,1484,152900,48,"[107, 118, 460, 1403, 1405, 1408, 1409, 1410, 1411, 1412, 1413, 1414, 1415, 1416, 1417, 1418, 1424, 1425, 1426, 1427, 1429, 1431, 1432, 1433, 1434, 1436, 1437, 1439, 1442, 1448, 1454, 1455, 1459, 1593, 1594, 1595, 1596, 1597, 1602, 1603, 1605, 1647, 1648, 1655, 1702, 1705, 2089, 2092]"
s102,510,51000,21,"[82, 84, 101, 118, 167, 168, 169, 170, 171, 172, 173, 174, 175, 176, 177, 178, 179, 180, 181, 182, 463]"
s1052,19972,599160,25,"[74, 79, 81, 82, 101, 107, 110, 118, 147, 183, 474, 1781, 2168, 2543, 2609, 2962, 3123, 3238, 3239, 3240, 3243, 3244, 3245, 3246, 3247]"
s1054,898,89800,85,"[96, 102, 141, 222, 310, 311, 312, 337, 361, 487, 511, 512, 523, 526, 549, 584, 978, 994, 1026, 1118, 1469, 1487, 1499, 1540, 1647, 1662, 1758, 1799, 1853, 2533, 2828, 3395, 3397, 3444, 3445, 3446, 3447, 3448, 3449, 3474, 3485, 3486, 3487, 3489, 3490, 3491, 3494, 3495, 3496, 3497, 3498, 3501, 3511, 3512, 3513, 3592, 3593, 3594, 3595, 3596, 3609, 3611, 3612, 3615, 3616, 3617, 3618, 3619, 3620, 3622, 3623, 3624, 3629, 3733, 3734, 3735, 3736, 3801, 3810, 3811, 3812, 3815, 3816, 3822, 4108]"
s1055,1701,51030,19,"[82, 84, 102, 103, 131, 133, 222, 310, 311, 322, 323, 342, 440, 450, 687, 1162, 1163, 2217, 2416]"
s1060,285,7125,15,"[81, 84, 96, 101, 102, 438, 444, 448, 508, 1040, 1457, 1647, 1828, 1848, 1913]"
s1067,250,25000,40,"[118, 460, 1403, 1405, 1408, 1409, 1410, 1411, 1412, 1413, 1414, 1415, 1416, 1417, 1418, 1424, 1425, 1426, 1427, 1429, 1432, 1433, 1434, 1436, 1437, 1439, 1442, 1455, 1459, 1593, 1594, 1596, 1602, 1603, 1605, 1655, 1702, 1705, 2089, 2092]"
s1068,300,30000,42,"[118, 460, 1403, 1405, 1408, 1409, 1410, 1411, 1412, 1413, 1414, 1415, 1416, 1417, 1418, 1424, 1425, 1426, 1427, 1429, 1432, 1433, 1434, 1436, 1437, 1439, 1442, 1454, 1455, 1459, 1593, 1594, 1596, 1602, 1603, 1605, 1648, 1655, 1702, 1705, 2089, 2092]"
s1069,360,36000,42,"[118, 460, 1403, 1405, 1408, 1409, 1410, 1411, 1412, 1413, 1414, 1415, 1416, 1417, 1418, 1424, 1425, 1426, 1427, 1429, 1432, 1433, 1434, 1436, 1437, 1439, 1442, 1454, 1455, 1459, 1593, 1594, 1596, 1602, 1603, 1605, 1648, 1655, 1702, 1705, 2089, 2092]"
s1070,687,52550,42,"[118, 460, 1403, 1405, 1408, 1409, 1410, 1411, 1412, 1413, 1414, 1415, 1416, 1417, 1418, 1424, 1425, 1426, 1427, 1429, 1432, 1433, 1434, 1436, 1437, 1439, 1442, 1454, 1455, 1459, 1593, 1594, 1596, 1602, 1603, 1605, 1648, 1655, 1702, 1705, 2089, 2092]"
s1073,225,45000,27,"[81, 84, 89, 105, 124, 141, 342, 353, 438, 439, 444, 448, 450, 460, 635, 638, 1827, 1913, 2182, 2184, 2185, 2206, 2208, 2214, 2216, 2217, 2465]"
s1074,211,42200,23,"[81, 84, 89, 105, 124, 145, 342, 403, 434, 438, 439, 444, 448, 450, 460, 635, 638, 1041, 1827, 1913, 2214, 2216, 2464]"
s1075,225,45000,21,"[81, 89, 105, 124, 141, 145, 342, 353, 438, 439, 444, 448, 450, 1827, 2182, 2201, 2206, 2209, 2216, 2217, 2465]"
s1076,209,41800,28,"[81, 84, 89, 102, 105, 124, 141, 145, 403, 428, 434, 438, 439, 444, 448, 450, 1041, 1827, 1913, 2184, 2185, 2193, 2200, 2201, 2216, 2217, 2464, 2465]"
s1077,362,36200,49,"[118, 460, 1403, 1405, 1407, 1408, 1409, 1410, 1412, 1413, 1414, 1415, 1416, 1417, 1418, 1424, 1426, 1427, 1429, 1432, 1433, 1434, 1436, 1437, 1439, 1440, 1441, 1442, 1454, 1455, 1456, 1459, 1593, 1594, 1595, 1596, 1597, 1600, 1601, 1602, 1603, 1607, 1647, 1649, 1651, 1655, 1702, 1704, 2092]"
s1079,460,41200,42,"[118, 460, 1403, 1405, 1408, 1409, 1410, 1411, 1412, 1413, 1414, 1415, 1416, 1417, 1418, 1424, 1425, 1426, 1427, 1429, 1432, 1433, 1434, 1436, 1437, 1439, 1442, 1454, 1455, 1459, 1593, 1594, 1596, 1602, 1603, 1605, 1648, 1655, 1702, 1705, 2089, 2092]"
s1080,559,46150,42,"[118, 460, 1403, 1405, 1408, 1409, 1410, 1411, 1412, 1413, 1414, 1415, 1416, 1417, 1418, 1424, 1425, 1426, 1427, 1429, 1432, 1433, 1434, 1436, 1437, 1439, 1442, 1454, 1455, 1459, 1593, 1594, 1596, 1602, 1603, 1605, 1648, 1655, 1702, 1705, 2089, 2092]"
s1081,6773,67730,83,"[65, 69, 79, 101, 128, 177, 193, 200, 221, 323, 342, 344, 355, 602, 611, 612, 622, 624, 627, 694, 970, 1269, 1270, 1279, 1280, 1283, 1287, 1289, 1290, 1294, 1295, 1299, 1300, 1304, 1306, 1307, 1310, 1314, 1317, 1322, 1330, 1331, 1332, 1336, 1341, 1346, 1347, 1349, 1350, 1804, 1868, 1913, 2050, 2051, 2291, 2292, 2293, 2317, 2327, 2328, 2329, 2340, 2341, 2351, 2363, 2418, 2572, 2621, 2624, 2656, 3287, 3291, 3292, 3307, 3314, 3368, 3376, 3380, 3381, 3412, 3413, 3539, 3614]"
s1084,1539,30780,35,"[82, 95, 101, 102, 133, 138, 220, 227, 344, 347, 401, 428, 456, 465, 468, 532, 951, 1115, 1145, 1146, 1178, 1329, 1354, 1397, 1815, 1853, 1873, 2473, 2537, 2888, 3012, 3239, 3268, 3316, 3443]"
s109,3942,197100,78,"[63, 64, 66, 67, 78, 82, 84, 95, 96, 101, 102, 103, 104, 105, 107, 118, 124, 131, 133, 138, 143, 144, 145, 179, 180, 218, 222, 226, 227, 239, 310, 311, 312, 322, 323, 324, 325, 342, 344, 369, 401, 403, 417, 418, 419, 421, 422, 423, 425, 426, 428, 429, 433, 435, 438, 439, 440, 441, 442, 443, 444, 445, 447, 448, 449, 450, 451, 452, 454, 456, 555, 558, 559, 560, 561, 562, 563, 564]"
s1091,2270,68070,47,"[82, 84, 101, 110, 113, 114, 222, 227, 325, 403, 418, 428, 465, 503, 508, 981, 982, 1041, 1178, 1252, 1357, 1358, 1371, 1397, 1453, 1467, 1488, 1647, 1742, 1827, 1919, 2168, 2543, 2546, 3238, 3239, 3240, 3241, 3242, 3243, 3244, 3245, 3246, 3247, 3260, 3266, 3269]"
s1097,655,6550,68,"[1262, 1263, 1264, 1265, 1267, 1269, 1270, 1271, 1272, 1273, 1274, 1276, 1278, 1279, 1280, 1281, 1282, 1283, 1284, 1285, 1286, 1287, 1289, 1290, 1292, 1294, 1295, 1296, 1299, 1300, 1302, 1304, 1305, 1306, 1307, 1308, 1309, 1310, 1311, 1312, 1313, 1317, 1319, 1320, 1322, 1323, 1325, 1327, 1329, 1330, 1331, 1332, 1333, 1336, 1337, 1338, 1340, 1341, 1342, 1345, 1346, 1347, 1348, 1349, 1350, 1352, 1353, 1354]"
s111,1571,157071,74,"[79, 82, 84, 94, 101, 110, 111, 118, 133, 143, 147, 148, 178, 179, 180, 181, 182, 183, 223, 336, 376, 377, 378, 379, 380, 381, 382, 383, 384, 385, 386, 387, 388, 390, 392, 393, 394, 395, 397, 398, 400, 401, 402, 403, 404, 405, 406, 407, 408, 409, 410, 411, 412, 413, 414, 415, 416, 457, 458, 459, 460, 462, 463, 556, 565, 696, 697, 794, 795, 817, 871, 1190, 1191, 1258]"
s1111,914,45700,45,"[58, 59, 60, 61, 62, 63, 64, 65, 66, 68, 69, 70, 71, 72, 73, 75, 79, 84, 99, 115, 116, 117, 130, 150, 164, 185, 190, 194, 196, 199, 200, 201, 554, 608, 610, 623, 760, 2037, 2418, 3007, 3008, 3010, 3013, 3366, 3367]"
s1119,5545,166350,34,"[59, 70, 73, 79, 81, 82, 84, 88, 103, 134, 145, 175, 204, 218, 243, 342, 401, 403, 428, 429, 435, 448, 461, 637, 1457, 1596, 1647, 2513, 2543, 3437, 3438, 3440, 3453, 3455]"
s1120,2842,71050,61,"[81, 82, 84, 96, 101, 103, 119, 124, 131, 133, 142, 420, 426, 431, 438, 439, 440, 441, 442, 443, 444, 446, 448, 449, 450, 453, 503, 515, 523, 1034, 1162, 1397, 1647, 1791, 1823, 1824, 1828, 1852, 1868, 1869, 1980, 2025, 2185, 2186, 2193, 2201, 2217, 2416, 2417, 2418, 2423, 2425, 3324, 3382, 3383, 3398, 3399, 3400, 3401, 3402, 3411]"
s1129,399,5985,14,"[84, 95, 105, 124, 133, 403, 427, 434, 515, 1041, 1868, 1913, 2543, 2859]"
s1132,362,36200,49,"[118, 460, 1403, 1405, 1407, 1408, 1409, 1410, 1412, 1413, 1414, 1415, 1416, 1417, 1418, 1424, 1426, 1427, 1429, 1432, 1433, 1434, 1436, 1437, 1439, 1440, 1441, 1442, 1454, 1455, 1456, 1459, 1593, 1594, 1595, 1596, 1597, 1600, 1601, 1602, 1603, 1607, 1647, 1649, 1651, 1655, 1702, 1704, 2092]"
s1133,770,77000,66,"[107, 118, 460, 1403, 1405, 1407, 1408, 1409, 1410, 1411, 1412, 1413, 1414, 1415, 1416, 1417, 1418, 1424, 1425, 1426, 1427, 1429, 1431, 1432, 1433, 1434, 1436, 1437, 1438, 1439, 1440, 1441, 1442, 1443, 1445, 1446, 1448, 1454, 1455, 1456, 1459, 1593, 1594, 1595, 1596, 1597, 1598, 1599, 1600, 1601, 1602, 1603, 1605, 1607, 1647, 1648, 1649, 1650, 1651, 1654, 1655, 1702, 1703, 1704, 1754, 2092]"
s1135,1985,49625,36,"[81, 82, 84, 88, 96, 101, 103, 124, 131, 133, 184, 438, 440, 441, 442, 443, 444, 446, 450, 515, 1030, 1034, 1162, 1397, 1824, 1852, 1854, 1869, 2033, 2072, 2073, 2416, 2418, 2425, 3402, 3409]"
s1136,842,21050,37,"[81, 82, 84, 88, 96, 101, 103, 124, 131, 133, 420, 438, 439, 440, 441, 442, 443, 444, 448, 449, 450, 515, 523, 1035, 1162, 1397, 1647, 1824, 1828, 1869, 2013, 2033, 2072, 2073, 2415, 2425, 3402]"
s122,3024,302400,104,"[95, 97, 101, 107, 118, 146, 344, 361, 428, 429, 451, 460, 464, 466, 467, 468, 469, 470, 472, 473, 475, 476, 477, 478, 479, 480, 481, 482, 483, 484, 485, 487, 488, 489, 490, 491, 492, 493, 494, 495, 496, 497, 499, 501, 502, 503, 504, 505, 506, 507, 509, 510, 511, 512, 513, 514, 515, 516, 517, 518, 519, 520, 521, 522, 523, 524, 525, 526, 527, 529, 532, 533, 534, 535, 537, 539, 540, 541, 542, 543, 545, 546, 547, 549, 550, 551, 552, 553, 557, 807, 808, 819, 966, 973, 975, 986, 987, 1042, 1043, 1044, 1052, 1106, 1122, 1172]"
s1223,240,24000,44,"[118, 460, 1403, 1405, 1407, 1408, 1409, 1410, 1412, 1413, 1414, 1415, 1416, 1417, 1418, 1424, 1426, 1427, 1429, 1432, 1433, 1434, 1436, 1437, 1439, 1442, 1455, 1456, 1459, 1593, 1594, 1595, 1596, 1600, 1601, 1602, 1603, 1607, 1647, 1649, 1655, 1702, 1704, 2092]"
s1224,280,28000,45,"[118, 460, 1403, 1405, 1407, 1408, 1409, 1410, 1412, 1413, 1414, 1415, 1416, 1417, 1418, 1424, 1426, 1427, 1429, 1432, 1433, 1434, 1436, 1437, 1439, 1440, 1442, 1455, 1456, 1459, 1593, 1594, 1595, 1596, 1600, 1601, 1602, 1603, 1607, 1647, 1649, 1655, 1702, 1704, 2092]"
s1225,320,32000,47,"[118, 460, 1403, 1405, 1407, 1408, 1409, 1410, 1412, 1413, 1414, 1415, 1416, 1417, 1418, 1424, 1426, 1427, 1429, 1432, 1433, 1434, 1436, 1437, 1439, 1440, 1441, 1442, 1455, 1456, 1459, 1593, 1594, 1595, 1596, 1600, 1601, 1602, 1603, 1607, 1647, 1649, 1651, 1655, 1702, 1704, 2092]"
s1226,362,36200,49,"[118, 460, 1403, 1405, 1407, 1408, 1409, 1410, 1412, 1413, 1414, 1415, 1416, 1417, 1418, 1424, 1426, 1427, 1429, 1432, 1433, 1434, 1436, 1437, 1439, 1440, 1441, 1442, 1454, 1455, 1456, 1459, 1593, 1594, 1595, 1596, 1597, 1600, 1601, 1602, 1603, 1607, 1647, 1649, 1651, 1655, 1702, 1704, 2092]"
s1227,392,37700,49,"[118, 460, 1403, 1405, 1407, 1408, 1409, 1410, 1412, 1413, 1414, 1415, 1416, 1417, 1418, 1424, 1426, 1427, 1429, 1432, 1433, 1434, 1436, 1437, 1439, 1440, 1441, 1442, 1454, 1455, 1456, 1459, 1593, 1594, 1595, 1596, 1597, 1600, 1601, 1602, 1603, 1607, 1647, 1649, 1651, 1655, 1702, 1704, 2092]"
s1236,2782,69550,44,"[81, 82, 84, 96, 101, 103, 124, 131, 133, 420, 438, 439, 440, 441, 442, 443, 444, 446, 450, 515, 523, 1030, 1162, 1397, 1647, 1807, 1823, 1824, 1852, 1865, 2013, 2033, 2072, 2073, 2075, 2417, 2418, 2423, 2425, 3402, 3405, 3407, 3408, 3410]"
s1287,428,10700,70,"[81, 84, 94, 101, 110, 111, 113, 138, 139, 146, 376, 377, 380, 381, 382, 390, 394, 397, 401, 403, 423, 429, 435, 463, 475, 498, 524, 564, 795, 993, 1178, 1183, 1188, 1357, 1359, 1360, 1365, 1366, 1368, 1369, 1370, 1374, 1376, 1380, 1381, 1383, 1385, 1647, 1742, 1791, 1800, 1802, 1805, 1827, 1854, 1855, 1913, 2102, 2167, 2450, 2453, 2455, 2539, 2546, 2562, 2644, 2645, 2653, 2964, 3014]"
s1288,16564,165640,89,"[1262, 1263, 1264, 1265, 1267, 1268, 1269, 1270, 1271, 1272, 1273, 1274, 1275, 1276, 1278, 1279, 1280, 1281, 1282, 1283, 1284, 1285, 1286, 1287, 1288, 1289, 1290, 1291, 1292, 1293, 1294, 1295, 1297, 1298, 1299, 1300, 1301, 1302, 1304, 1305, 1306, 1307, 1308, 1309, 1310, 1311, 1312, 1314, 1315, 1316, 1317, 1318, 1319, 1320, 1321, 1322, 1323, 1324, 1325, 1326, 1327, 1328, 1329, 1330, 1331, 1332, 1333, 1334, 1335, 1336, 1337, 1338, 1340, 1341, 1342, 1344, 1345, 1346, 1347, 1348, 1349, 1350, 1351, 1352, 1353, 1354, 1355, 3499, 3500]"
s1296,544,27200,23,"[59, 70, 73, 81, 82, 84, 88, 101, 105, 107, 145, 182, 342, 403, 428, 435, 448, 463, 503, 1647, 1974, 3509, 3510]"
s130,1100,110000,22,"[82, 84, 101, 118, 167, 168, 169, 170, 171, 172, 173, 174, 175, 176, 177, 178, 179, 181, 182, 461, 463, 804]"
s1314,238,4760,26,"[64, 81, 84, 88, 89, 101, 119, 145, 222, 342, 438, 439, 440, 442, 444, 446, 448, 450, 625, 1030, 1043, 1854, 1863, 1913, 2100, 3210]"
s1320,401,21654,76,"[59, 60, 62, 63, 64, 65, 66, 67, 68, 69, 70, 73, 74, 76, 79, 82, 84, 95, 101, 102, 107, 116, 118, 124, 128, 136, 143, 151, 187, 192, 199, 206, 216, 221, 222, 370, 403, 419, 422, 423, 428, 441, 442, 449, 450, 532, 554, 602, 774, 778, 793, 968, 969, 970, 971, 972, 1294, 1295, 1585, 1762, 1763, 1764, 2032, 2033, 2035, 2036, 2038, 2039, 2043, 2060, 2061, 2078, 2079, 2080, 2081, 2136]"
s1323,706,7060,21,"[84, 89, 102, 141, 212, 216, 438, 439, 440, 441, 442, 450, 503, 1030, 1034, 1828, 1861, 1913, 2469, 2490, 3525]"
s1324,1040,20800,51,"[61, 75, 81, 84, 105, 124, 130, 133, 134, 135, 147, 148, 179, 183, 185, 187, 190, 194, 221, 239, 325, 331, 342, 554, 600, 602, 780, 986, 988, 1446, 1447, 1561, 1564, 1583, 1586, 1605, 1649, 1857, 2064, 2362, 2363, 2454, 3100, 3106, 3515, 3516, 3517, 3518, 3519, 3521, 3522]"
s1325,2122,212200,76,"[84, 89, 98, 105, 141, 177, 179, 220, 222, 425, 426, 427, 429, 431, 434, 435, 436, 437, 438, 439, 440, 441, 442, 444, 446, 448, 449, 450, 503, 521, 584, 635, 687, 981, 1030, 1034, 1040, 1041, 1128, 1164, 1348, 1397, 1441, 1597, 1791, 1828, 1852, 1854, 1861, 1863, 1867, 1869, 1915, 1918, 1924, 1933, 1979, 1981, 2012, 2013, 2077, 2100, 2127, 2185, 2219, 2220, 2230, 2454, 2538, 2644, 2785, 2800, 3208, 3382, 3383, 3398]"
s133,382,38200,55,"[59, 60, 62, 63, 64, 65, 66, 67, 68, 69, 70, 72, 73, 74, 76, 79, 82, 84, 95, 101, 102, 107, 115, 116, 118, 124, 128, 136, 138, 143, 145, 151, 187, 190, 221, 222, 267, 355, 370, 403, 419, 423, 441, 442, 449, 450, 532, 554, 602, 793, 968, 969, 970, 971, 972]"
s1338,600,18000,39,"[110, 113, 197, 382, 390, 400, 474, 1183, 1186, 1187, 1319, 1320, 1337, 1338, 1340, 1341, 1345, 1347, 1348, 1349, 1353, 1354, 1357, 1360, 1364, 1368, 1369, 1370, 1378, 1742, 1743, 1772, 1781, 1788, 1802, 1976, 2543, 2659, 2962]"
s1350,226,22600,14,"[80, 81, 84, 91, 94, 96, 102, 107, 141, 342, 982, 1442, 1913, 2134]"
s1351,207,1035,35,"[58, 59, 62, 63, 70, 71, 74, 84, 96, 105, 115, 118, 119, 124, 137, 147, 151, 164, 183, 187, 189, 350, 456, 527, 760, 983, 1413, 1436, 1610, 1802, 1913, 1996, 2446, 2572, 2779]"
s1365,1095,16425,42,"[82, 91, 102, 133, 141, 220, 403, 428, 429, 504, 505, 508, 509, 512, 532, 584, 1164, 1329, 1353, 1397, 1853, 2025, 2134, 2143, 3208, 3267, 3330, 3482, 3563, 3565, 3566, 3567, 3568, 3569, 3573, 3574, 3575, 3576, 3578, 3587, 3588, 3591]"
s1366,416,10400,37,"[81, 82, 84, 96, 101, 103, 124, 131, 142, 184, 431, 438, 439, 440, 442, 444, 446, 448, 449, 450, 453, 523, 1162, 1397, 1647, 1828, 1852, 2036, 2185, 2193, 2201, 2417, 2425, 3324, 3402, 3411, 3558]"
s137,500,12500,56,"[59, 60, 62, 63, 67, 70, 71, 73, 74, 82, 84, 91, 92, 101, 103, 105, 115, 117, 118, 124, 128, 130, 133, 137, 143, 147, 150, 151, 153, 164, 169, 172, 177, 182, 185, 187, 189, 199, 200, 204, 221, 227, 238, 274, 288, 373, 403, 428, 460, 521, 586, 592, 593, 594, 595, 596]"
s1374,13006,390180,50,"[74, 81, 82, 101, 105, 107, 110, 218, 222, 227, 465, 474, 503, 508, 981, 1041, 1488, 1647, 1781, 1853, 1919, 1924, 1976, 1979, 1980, 2469, 2541, 2543, 2546, 2962, 2964, 3215, 3238, 3239, 3240, 3243, 3244, 3246, 3248, 3250, 3251, 3259, 3260, 3269, 3535, 3563, 3581, 3582, 3585, 3586]"
s138,545,13625,77,"[59, 62, 63, 67, 68, 70, 71, 72, 80, 82, 84, 91, 92, 99, 101, 103, 104, 105, 115, 116, 117, 118, 124, 130, 133, 135, 143, 147, 150, 151, 164, 171, 172, 173, 185, 187, 192, 193, 196, 200, 201, 221, 227, 237, 274, 281, 288, 403, 448, 449, 450, 456, 460, 473, 521, 554, 593, 595, 596, 599, 600, 601, 602, 603, 606, 607, 608, 613, 614, 615, 616, 617, 621, 622, 623, 624, 625]"
s1383,1018,40720,36,"[59, 62, 63, 68, 70, 73, 74, 80, 82, 84, 115, 116, 124, 130, 212, 216, 224, 515, 524, 635, 760, 774, 777, 791, 1413, 1648, 1764, 2057, 2235, 2485, 2490, 2495, 2496, 2843, 3013, 3438]"
s1388,8706,73199,30,"[63, 79, 80, 81, 82, 84, 88, 101, 102, 118, 119, 132, 147, 168, 170, 174, 175, 177, 187, 325, 342, 595, 602, 605, 974, 982, 1413, 1457, 1604, 1974]"
s1395,1039,66496,53,"[82, 96, 141, 222, 266, 310, 322, 360, 521, 1004, 1012, 1056, 1145, 1335, 1469, 1487, 1647, 1840, 1852, 1914, 2164, 2828, 3212, 3484, 3522, 3649, 3650, 3654, 3656, 3657, 3658, 3665, 3666, 3667, 3672, 3677, 3686, 3688, 3689, 3690, 3693, 3695, 3698, 3700, 3703, 3704, 3705, 3706, 3707, 3708, 3709, 3714, 3715]"
s1396,600,6000,4,"[95, 3546, 3547, 3548]"
s1397,310,7750,18,"[101, 102, 135, 138, 184, 461, 503, 543, 2022, 2543, 2800, 3209, 3268, 3630, 3631, 3632, 3633, 3634]"
s1400,1221,6105,48,"[62, 68, 70, 73, 74, 84, 99, 101, 102, 105, 108, 115, 116, 117, 128, 130, 133, 199, 204, 221, 227, 403, 423, 554, 595, 597, 623, 637, 1138, 1145, 1457, 1647, 1649, 1799, 2037, 2418, 2543, 3096, 3097, 3295, 3298, 3638, 3639, 3640, 3641, 3642, 3645, 3716]"
s1402,610,18300,24,"[1320, 1348, 1871, 1872, 1873, 1877, 1878, 1883, 1884, 1886, 1887, 1888, 1889, 1895, 1896, 1897, 1898, 1899, 1901, 1903, 1905, 1906, 3643, 3644]"
s1407,202,5050,5,"[84, 105, 175, 438, 444]"
s1409,254,5080,35,"[83, 147, 170, 183, 187, 234, 236, 237, 238, 239, 242, 294, 304, 310, 311, 312, 325, 327, 343, 353, 369, 370, 460, 595, 988, 1133, 1442, 1561, 1856, 2447, 2452, 2865, 2878, 3295, 3603]"
s1410,1838,45950,50,"[81, 82, 84, 96, 101, 103, 124, 131, 133, 142, 184, 420, 431, 438, 439, 440, 441, 442, 443, 444, 446, 448, 449, 450, 453, 503, 523, 1162, 1397, 1647, 1791, 1823, 1828, 1852, 1869, 1980, 2025, 2185, 2193, 2201, 2217, 2417, 2425, 3324, 3382, 3383, 3398, 3399, 3401, 3411]"
s1417,268,53599,6,"[84, 92, 107, 222, 523, 3438]"
s1420,300,6000,32,"[82, 84, 101, 110, 113, 222, 227, 325, 403, 465, 503, 981, 982, 1041, 1357, 1397, 1453, 1647, 1742, 1827, 1853, 2168, 2543, 2546, 3238, 3239, 3240, 3241, 3243, 3244, 3246, 3581]"
s1435,207,6692,23,"[81, 82, 84, 95, 96, 101, 102, 222, 321, 435, 503, 532, 637, 982, 1647, 1974, 2087, 2134, 2164, 2219, 2225, 2543, 3538]"
s1439,311,12440,14,"[101, 102, 184, 401, 543, 1979, 2022, 2474, 2543, 2960, 3209, 3268, 3711, 3793]"
s1454,1167,116700,24,"[988, 1125, 1871, 1872, 1882, 1885, 1886, 1887, 1888, 1889, 1895, 1896, 1897, 1898, 1899, 1903, 1905, 1906, 1913, 2787, 3333, 3932, 4117, 4120]"
s1455,863,4315,15,"[81, 84, 102, 227, 310, 311, 370, 811, 1355, 1829, 1888, 3797, 3798, 3799, 3800]"
s1456,720,7200,31,"[62, 69, 94, 107, 118, 145, 179, 342, 403, 1146, 1403, 1408, 1416, 1417, 1418, 1431, 1432, 1433, 1437, 1443, 1454, 1595, 1596, 1597, 1598, 1600, 1702, 1703, 1913, 2461, 3014]"
s1461,532,53200,37,"[1871, 1872, 1873, 1874, 1875, 1876, 1877, 1878, 1880, 1881, 1882, 1883, 1884, 1885, 1886, 1887, 1888, 1889, 1890, 1891, 1892, 1893, 1894, 1895, 1896, 1897, 1898, 1899, 1900, 1901, 1902, 1903, 1904, 1905, 1906, 2787, 2795]"
s1492,720,72000,215,"[60, 62, 63, 67, 72, 73, 74, 78, 84, 88, 89, 115, 128, 130, 132, 133, 143, 146, 165, 187, 189, 199, 204, 216, 222, 337, 342, 344, 403, 423, 425, 432, 442, 450, 452, 522, 527, 532, 602, 611, 612, 613, 614, 615, 616, 621, 622, 634, 637, 665, 682, 760, 781, 782, 817, 968, 969, 970, 972, 1043, 1061, 1174, 1306, 1307, 1328, 1330, 1331, 1336, 1340, 1341, 1435, 1457, 1467, 1549, 1553, 1556, 1560, 1563, 1566, 1644, 1647, 1649, 1711, 1795, 1865, 1882, 1911, 1913, 1918, 1924, 1926, 1936, 1949, 1961, 1968, 1974, 1985, 1988, 2001, 2018, 2038, 2047, 2048, 2051, 2055, 2110, 2119, 2225, 2329, 2332, 2351, 2379, 2454, 2521, 2532, 2543, 2605, 2644, 2882, 3052, 3086, 3201, 3323, 3328, 3484, 3518, 3536, 3538, 3563, 3641, 3645, 3686, 3805, 3812, 3817, 3824, 3831, 3858, 3859, 3860, 3861, 3862, 3863, 3864, 3865, 3866, 3868, 3869, 3870, 3871, 3872, 3873, 3874, 3875, 3880, 3881, 3882, 3883, 3884, 3885, 3886, 3887, 3888, 3889, 3890, 3893, 3894, 3895, 3896, 3897, 3898, 3899, 3900, 3901, 3902, 3903, 3904, 3905, 3906, 3907, 3908, 3909, 3910, 3911, 3913, 3914, 3915, 3916, 3917, 3918, 3919, 3923, 3924, 3925, 3926, 3927, 3928, 3929, 3934, 3935, 3936, 3937, 3938, 3939, 3965, 3966, 3967, 3971, 3972, 4100, 4102, 4103, 4104, 4105, 4106]"
s1496,362,36200,38,"[59, 60, 61, 62, 63, 66, 67, 68, 69, 70, 72, 73, 74, 75, 80, 84, 99, 102, 115, 116, 117, 133, 138, 141, 192, 193, 199, 403, 423, 432, 503, 532, 554, 624, 1330, 1913, 2515, 3921]"
s1498,268,8040,7,"[82, 94, 429, 3385, 3876, 3877, 3878]"
s1504,303,68175,24,"[1323, 1871, 1873, 1879, 1883, 1885, 1886, 1887, 1889, 1890, 1891, 1892, 1893, 1894, 1895, 1897, 1899, 1903, 1904, 2238, 2472, 2473, 3932, 3933]"
s1507,4793,95860,99,"[58, 59, 60, 61, 62, 63, 64, 65, 66, 67, 68, 69, 70, 71, 72, 73, 74, 75, 81, 82, 84, 88, 99, 115, 116, 117, 128, 133, 134, 138, 145, 151, 164, 174, 175, 177, 185, 189, 190, 192, 193, 194, 196, 199, 200, 201, 202, 203, 204, 211, 218, 401, 403, 423, 554, 603, 607, 608, 609, 623, 624, 633, 637, 638, 760, 777, 970, 982, 1413, 1439, 1440, 1458, 1647, 1648, 1791, 1853, 1868, 1974, 2035, 2148, 2168, 2230, 2485, 2490, 2494, 2496, 2539, 2543, 2562, 2596, 2601, 2654, 3209, 3461, 3464, 3726, 3828, 3930, 3931]"
s151,262,26199,4,"[84, 182, 184, 626]"
s1513,375,84375,15,"[1877, 1883, 1885, 1886, 1887, 1889, 1891, 1894, 1895, 1897, 1899, 1903, 1906, 3932, 4099]"
s152,2072,207200,22,"[82, 84, 101, 118, 167, 168, 169, 170, 171, 172, 173, 174, 175, 176, 177, 178, 179, 180, 181, 182, 461, 463]"
s1535,762,14925,15,"[81, 102, 227, 233, 1353, 1354, 1913, 2100, 4109, 4110, 4111, 4112, 4114, 4115, 4116]"
s155,990,39600,46,"[63, 79, 80, 84, 91, 95, 102, 105, 118, 124, 133, 134, 144, 145, 150, 170, 171, 179, 180, 187, 204, 222, 227, 347, 456, 460, 461, 515, 602, 605, 627, 628, 629, 630, 631, 632, 633, 634, 635, 637, 641, 642, 643, 645, 647, 648]"
s1553,707,35350,27,"[59, 61, 62, 74, 75, 82, 84, 103, 107, 115, 116, 118, 124, 139, 141, 143, 190, 199, 222, 527, 982, 1119, 1162, 1260, 1261, 1614, 2106]"
s1555,264,26400,29,"[1871, 1873, 1874, 1876, 1877, 1878, 1879, 1880, 1882, 1883, 1884, 1885, 1887, 1888, 1891, 1892, 1893, 1894, 1895, 1897, 1898, 1900, 1901, 1902, 1903, 1904, 1905, 3208, 3933]"
s1559,453,22650,36,"[82, 84, 101, 110, 113, 114, 222, 325, 403, 418, 465, 503, 982, 1041, 1178, 1357, 1397, 1453, 1488, 1647, 1742, 1827, 1853, 2168, 2541, 2543, 2546, 3238, 3239, 3240, 3241, 3242, 3243, 3244, 3246, 3581]"
s1579,3172,31720,47,"[1263, 1264, 1269, 1287, 1291, 1293, 1294, 1295, 1299, 1300, 1301, 1304, 1305, 1306, 1307, 1308, 1309, 1313, 1316, 1317, 1319, 1322, 1323, 1324, 1325, 1327, 1329, 1331, 1332, 1335, 1336, 1337, 1338, 1340, 1341, 1342, 1345, 1346, 1347, 1348, 1349, 1350, 1351, 1352, 1353, 1354, 1355]"
s158,210,10451,20,"[59, 62, 70, 72, 73, 74, 79, 80, 81, 82, 84, 96, 100, 101, 102, 103, 107, 115, 116, 118]"
s1585,1955,117300,86,"[81, 82, 84, 102, 105, 110, 111, 113, 133, 141, 143, 222, 382, 403, 435, 463, 503, 527, 532, 564, 635, 655, 1176, 1183, 1187, 1258, 1357, 1358, 1359, 1360, 1362, 1363, 1365, 1366, 1367, 1368, 1369, 1373, 1374, 1375, 1376, 1377, 1379, 1384, 1385, 1389, 1390, 1397, 1398, 1457, 1647, 1742, 1769, 1770, 1772, 1775, 1777, 1781, 1783, 1785, 1786, 1788, 1789, 1794, 1795, 1827, 1854, 1980, 2089, 2450, 2454, 2455, 2457, 2459, 2460, 2544, 2545, 2546, 2963, 2969, 3260, 3264, 3352, 3585, 3676, 3825]"
s1587,360,14400,59,"[58, 59, 60, 61, 62, 63, 66, 67, 69, 70, 71, 72, 73, 74, 75, 78, 79, 84, 92, 99, 102, 105, 115, 116, 117, 128, 130, 135, 141, 150, 151, 164, 192, 193, 194, 199, 200, 201, 227, 246, 423, 554, 592, 594, 608, 609, 760, 780, 982, 1341, 1397, 1433, 1457, 1647, 1911, 1913, 2543, 2609, 3461]"
s1591,285,2850,9,"[73, 84, 89, 444, 460, 461, 2084, 2087, 3438]"
s16,2055,410311,30,"[58, 59, 60, 61, 62, 63, 64, 65, 66, 67, 68, 69, 70, 72, 73, 74, 75, 76, 77, 78, 79, 80, 81, 82, 83, 84, 85, 88, 89, 90]"
s165,212,42400,16,"[59, 62, 70, 72, 73, 74, 79, 80, 81, 82, 84, 100, 101, 103, 107, 118]"
s179,212,8480,38,"[79, 80, 84, 91, 102, 105, 118, 124, 133, 134, 144, 145, 150, 170, 171, 179, 187, 204, 222, 227, 456, 460, 515, 602, 605, 628, 629, 630, 631, 632, 634, 635, 641, 642, 643, 645, 647, 648]"
s182,212,8480,39,"[79, 80, 84, 91, 102, 105, 118, 124, 133, 134, 144, 145, 150, 170, 171, 179, 187, 204, 222, 227, 456, 460, 515, 602, 605, 627, 628, 629, 630, 631, 632, 634, 635, 641, 642, 643, 645, 647, 648]"
s183,212,8480,42,"[79, 80, 84, 91, 95, 102, 105, 118, 124, 133, 134, 144, 145, 150, 170, 171, 179, 187, 204, 222, 227, 456, 460, 515, 602, 605, 627, 628, 629, 630, 631, 632, 634, 635, 637, 641, 642, 643, 644, 645, 647, 648]"
s186,203,20300,68,"[95, 97, 101, 107, 118, 146, 360, 361, 428, 429, 451, 460, 464, 465, 466, 467, 469, 472, 473, 476, 480, 481, 483, 484, 485, 487, 490, 493, 495, 496, 497, 499, 501, 502, 503, 504, 505, 506, 510, 511, 514, 515, 516, 517, 519, 520, 522, 523, 524, 525, 526, 527, 529, 532, 533, 535, 537, 539, 541, 542, 543, 544, 545, 546, 549, 550, 551, 552]"
s189,212,21200,72,"[95, 97, 101, 107, 118, 146, 360, 361, 428, 429, 436, 451, 460, 464, 465, 466, 467, 469, 472, 473, 475, 476, 480, 481, 482, 483, 484, 485, 487, 489, 490, 491, 495, 496, 497, 498, 501, 502, 503, 504, 505, 506, 511, 512, 514, 515, 516, 517, 518, 519, 520, 521, 522, 523, 524, 525, 526, 527, 529, 532, 533, 537, 541, 542, 543, 544, 545, 546, 549, 550, 551, 553]"
s190,212,21200,66,"[95, 97, 101, 107, 118, 146, 360, 361, 428, 429, 451, 460, 464, 465, 466, 467, 472, 473, 480, 481, 482, 483, 484, 485, 487, 489, 491, 495, 496, 497, 501, 502, 503, 504, 505, 506, 511, 514, 515, 516, 517, 518, 519, 520, 521, 522, 523, 524, 525, 526, 527, 529, 532, 535, 541, 542, 543, 544, 545, 546, 548, 549, 550, 551, 552, 557]"
s200,228,22800,33,"[63, 68, 70, 81, 82, 84, 101, 103, 125, 128, 132, 137, 143, 212, 762, 763, 764, 765, 766, 769, 770, 771, 772, 773, 774, 775, 776, 777, 781, 782, 783, 784, 786]"
s206,412,41200,44,"[63, 68, 70, 81, 82, 84, 101, 103, 118, 125, 128, 132, 137, 138, 143, 182, 212, 401, 403, 423, 429, 762, 763, 764, 765, 766, 769, 770, 771, 772, 773, 774, 775, 776, 777, 781, 782, 783, 784, 786, 1915, 1922, 3209, 3210]"
s207,3131,78275,42,"[97, 222, 287, 292, 300, 304, 306, 309, 310, 311, 312, 314, 315, 316, 319, 320, 322, 324, 326, 328, 330, 331, 334, 337, 338, 340, 341, 342, 343, 353, 357, 359, 369, 370, 371, 372, 533, 801, 802, 803, 931, 956]"
s224,579,14475,14,"[59, 62, 70, 72, 73, 74, 79, 80, 81, 82, 84, 100, 101, 107]"
s225,579,14475,14,"[59, 62, 70, 72, 73, 74, 79, 80, 81, 82, 84, 100, 101, 107]"
s226,579,14475,14,"[59, 62, 70, 72, 73, 74, 79, 80, 81, 82, 84, 100, 101, 107]"
s227,579,14475,14,"[59, 62, 70, 72, 73, 74, 79, 80, 81, 82, 84, 100, 101, 107]"
s228,578,14450,14,"[59, 62, 70, 72, 73, 74, 79, 80, 81, 82, 84, 100, 101, 107]"
s23,750,15000,20,"[79, 81, 94, 97, 98, 100, 101, 102, 103, 104, 105, 106, 107, 108, 109, 110, 111, 112, 113, 114]"
s234,602,43344,53,"[82, 95, 101, 102, 104, 138, 146, 179, 222, 328, 361, 425, 429, 451, 456, 464, 467, 469, 472, 473, 477, 480, 481, 482, 483, 484, 485, 491, 492, 494, 496, 500, 503, 505, 506, 509, 510, 511, 515, 519, 521, 523, 524, 526, 527, 532, 534, 541, 542, 543, 586, 967, 988]"
s236,580,14500,14,"[59, 62, 70, 72, 73, 74, 79, 80, 81, 82, 84, 100, 101, 107]"
s240,3599,366200,92,"[59, 60, 62, 63, 64, 65, 66, 67, 68, 69, 73, 74, 75, 76, 78, 79, 81, 82, 84, 95, 101, 102, 107, 116, 118, 124, 128, 135, 136, 138, 143, 145, 151, 187, 192, 199, 202, 205, 206, 216, 221, 222, 267, 342, 355, 370, 403, 419, 422, 423, 428, 441, 442, 449, 450, 452, 532, 554, 602, 774, 777, 778, 793, 968, 969, 970, 971, 972, 1294, 1295, 1585, 1762, 1763, 1764, 2032, 2033, 2034, 2035, 2036, 2038, 2039, 2043, 2060, 2061, 2062, 2070, 2078, 2079, 2080, 2081, 2128, 2136]"
s245,859,171800,80,"[96, 98, 101, 102, 222, 233, 266, 299, 310, 321, 334, 335, 361, 516, 522, 523, 524, 557, 566, 567, 568, 569, 570, 571, 574, 576, 577, 578, 579, 580, 581, 582, 583, 584, 585, 587, 588, 589, 590, 591, 640, 691, 692, 693, 695, 705, 707, 708, 709, 710, 711, 712, 714, 715, 720, 721, 722, 726, 727, 728, 730, 731, 734, 741, 746, 750, 754, 800, 836, 853, 885, 925, 952, 955, 1026, 1101, 1102, 1112, 1154, 1758]"
s247,394,39400,2,"[92, 814]"
s258,228,5700,20,"[82, 95, 96, 101, 143, 220, 222, 334, 335, 423, 428, 456, 482, 523, 649, 738, 747, 980, 1134, 1135]"
s265,922,23050,34,"[59, 68, 73, 74, 80, 81, 84, 92, 96, 102, 103, 105, 118, 119, 124, 135, 144, 145, 184, 185, 187, 189, 204, 228, 235, 237, 238, 239, 240, 242, 243, 527, 648, 983]"
s267,470,16775,27,"[63, 82, 84, 85, 95, 101, 118, 423, 434, 435, 437, 438, 444, 448, 463, 524, 635, 687, 1030, 1034, 1036, 1037, 1040, 1061, 1162, 1163, 1164]"
s270,215,43000,13,"[59, 73, 79, 80, 81, 96, 101, 116, 118, 175, 185, 982, 983]"
s277,336,67200,96,"[222, 487, 566, 567, 568, 569, 571, 573, 574, 577, 580, 584, 585, 598, 686, 688, 691, 693, 694, 695, 704, 707, 708, 709, 712, 713, 715, 717, 719, 722, 723, 727, 730, 732, 734, 735, 736, 740, 747, 750, 757, 799, 800, 818, 853, 919, 922, 923, 924, 951, 952, 957, 991, 1001, 1004, 1012, 1020, 1025, 1027, 1049, 1051, 1056, 1061, 1063, 1064, 1101, 1105, 1107, 1108, 1109, 1111, 1112, 1113, 1115, 1122, 1123, 1124, 1125, 1126, 1127, 1128, 1129, 1130, 1131, 1132, 1133, 1137, 1144, 1145, 1146, 1155, 1156, 1158, 1159, 1160, 1161]"
s294,201,40200,21,"[59, 63, 64, 65, 66, 69, 70, 72, 73, 74, 75, 77, 81, 82, 83, 84, 103, 107, 171, 982, 1189]"
s295,49950,499500,93,"[1262, 1263, 1264, 1265, 1266, 1267, 1268, 1269, 1270, 1271, 1272, 1273, 1274, 1275, 1276, 1277, 1278, 1279, 1280, 1281, 1282, 1283, 1284, 1285, 1286, 1287, 1288, 1289, 1290, 1291, 1292, 1293, 1294, 1295, 1296, 1297, 1298, 1299, 1300, 1301, 1302, 1304, 1305, 1306, 1307, 1308, 1309, 1310, 1311, 1312, 1313, 1314, 1315, 1316, 1317, 1318, 1319, 1320, 1321, 1322, 1323, 1324, 1325, 1326, 1327, 1328, 1329, 1330, 1331, 1332, 1333, 1334, 1335, 1336, 1337, 1338, 1339, 1340, 1341, 1342, 1343, 1344, 1345, 1346, 1347, 1348, 1349, 1350, 1351, 1352, 1353, 1354, 1355]"
s305,665,16625,13,"[80, 81, 84, 101, 102, 105, 107, 118, 184, 515, 524, 636, 982]"
s307,3147,50352,52,"[82, 95, 96, 101, 138, 143, 220, 222, 387, 401, 404, 408, 423, 428, 456, 467, 523, 532, 538, 658, 660, 663, 670, 738, 747, 805, 980, 1001, 1004, 1012, 1014, 1134, 1255, 1256, 1453, 1591, 1715, 1716, 1717, 1727, 1728, 1791, 1908, 1910, 2001, 2026, 2041, 2120, 2126, 2433, 2468, 3432]"
s332,2493,62325,63,"[95, 107, 118, 124, 460, 461, 638, 1340, 1341, 1400, 1402, 1404, 1405, 1406, 1407, 1408, 1409, 1411, 1412, 1413, 1414, 1415, 1416, 1417, 1418, 1419, 1420, 1421, 1422, 1423, 1424, 1425, 1426, 1427, 1428, 1429, 1430, 1431, 1432, 1433, 1434, 1435, 1436, 1437, 1438, 1439, 1440, 1441, 1442, 1444, 1445, 1446, 1447, 1448, 1449, 1450, 1453, 1454, 1455, 1456, 1457, 1458, 1459]"
s335,3070,30700,64,"[79, 80, 81, 82, 101, 102, 105, 106, 110, 113, 133, 138, 197, 233, 259, 376, 378, 379, 380, 382, 390, 394, 401, 403, 428, 433, 456, 460, 461, 462, 474, 696, 1176, 1177, 1178, 1182, 1183, 1185, 1186, 1187, 1320, 1354, 1356, 1357, 1358, 1359, 1360, 1363, 1364, 1366, 1368, 1369, 1370, 1372, 1377, 1378, 1457, 1741, 1742, 1766, 1779, 1783, 1792, 1868]"
s336,660,33000,55,"[59, 61, 62, 74, 75, 82, 84, 89, 103, 105, 107, 115, 116, 118, 124, 139, 141, 175, 222, 474, 515, 527, 782, 969, 972, 982, 1034, 1035, 1119, 1162, 1260, 1544, 1545, 1547, 1552, 1553, 1554, 1555, 1556, 1557, 1559, 1560, 1563, 1564, 1568, 1570, 1571, 1573, 1574, 1576, 1577, 1579, 1583, 1584, 1646]"
s338,1143,228600,106,"[222, 515, 523, 725, 740, 885, 923, 924, 1008, 1060, 1155, 1460, 1462, 1464, 1465, 1466, 1467, 1469, 1470, 1471, 1472, 1474, 1475, 1477, 1479, 1480, 1481, 1482, 1484, 1485, 1486, 1487, 1488, 1490, 1491, 1497, 1498, 1499, 1500, 1501, 1502, 1503, 1504, 1506, 1507, 1511, 1514, 1515, 1516, 1518, 1521, 1523, 1524, 1525, 1528, 1529, 1534, 1535, 1536, 1537, 1538, 1540, 1542, 1587, 1588, 1589, 1590, 1616, 1617, 1622, 1623, 1627, 1630, 1631, 1632, 1633, 1634, 1635, 1636, 1637, 1638, 1639, 1641, 1660, 1667, 1672, 1677, 1678, 1685, 1686, 1689, 1690, 1692, 1693, 1696, 1697, 1698, 1699, 1706, 1708, 1709, 1710, 1711, 1712, 1714, 3076]"
s339,1170,117000,38,"[107, 118, 460, 1403, 1405, 1408, 1409, 1411, 1412, 1415, 1416, 1417, 1418, 1425, 1426, 1427, 1429, 1431, 1432, 1433, 1434, 1437, 1439, 1442, 1448, 1454, 1455, 1593, 1594, 1595, 1596, 1597, 1603, 1605, 1647, 1648, 1655, 1702]"
s342,2301,460200,38,"[58, 59, 60, 61, 64, 65, 66, 67, 68, 70, 71, 72, 73, 74, 75, 76, 77, 78, 79, 80, 81, 82, 83, 84, 85, 88, 90, 103, 171, 191, 1189, 1608, 1609, 1610, 1611, 1612, 1613, 1614]"
s347,6402,160050,35,"[79, 81, 82, 84, 96, 101, 102, 105, 110, 113, 114, 118, 119, 134, 147, 222, 379, 383, 391, 394, 504, 592, 1125, 1178, 1186, 1187, 1358, 1363, 1364, 1370, 1375, 1376, 1397, 1457, 1637]"
s349,326,8150,43,"[74, 79, 84, 96, 105, 107, 110, 111, 113, 119, 139, 140, 147, 177, 184, 376, 377, 379, 384, 403, 429, 451, 463, 503, 519, 529, 982, 1183, 1340, 1341, 1346, 1348, 1349, 1368, 1370, 1374, 1381, 1383, 1385, 1387, 1388, 1390, 1647]"
s350,395,19640,15,"[80, 84, 91, 92, 94, 102, 103, 105, 147, 342, 460, 515, 1592, 1636, 1703]"
s358,1165,233000,32,"[58, 59, 64, 65, 66, 67, 68, 70, 71, 72, 73, 75, 76, 77, 78, 79, 81, 82, 83, 84, 85, 88, 90, 103, 171, 191, 1189, 1608, 1610, 1612, 1613, 1614]"
s359,932,186400,37,"[80, 84, 91, 94, 95, 101, 103, 105, 119, 138, 226, 272, 274, 281, 284, 292, 342, 346, 353, 452, 460, 503, 514, 515, 642, 687, 966, 1442, 1451, 1457, 1561, 1601, 1636, 1742, 1743, 1839, 1856]"
s361,552,55200,59,"[118, 460, 1403, 1404, 1405, 1407, 1408, 1409, 1410, 1411, 1412, 1413, 1414, 1415, 1416, 1417, 1418, 1424, 1425, 1426, 1427, 1428, 1429, 1432, 1433, 1434, 1436, 1437, 1439, 1440, 1441, 1442, 1443, 1444, 1446, 1448, 1454, 1455, 1456, 1459, 1593, 1594, 1595, 1596, 1597, 1601, 1602, 1603, 1606, 1607, 1647, 1649, 1650, 1651, 1654, 1655, 1702, 1703, 1704]"
s363,280,16100,28,"[80, 81, 82, 84, 105, 124, 199, 236, 237, 238, 239, 240, 241, 242, 243, 401, 403, 515, 750, 1061, 1101, 1125, 1340, 1341, 1647, 1749, 1750, 1751]"
s366,1792,44800,51,"[82, 84, 101, 118, 146, 218, 220, 428, 429, 430, 482, 488, 502, 503, 504, 512, 517, 523, 532, 649, 682, 796, 980, 1001, 1124, 1128, 1146, 1251, 1252, 1255, 1256, 1257, 1591, 1679, 1736, 1791, 1907, 1908, 1909, 1910, 1999, 2000, 2001, 2027, 2115, 2121, 2122, 2123, 2124, 2126, 3089]"
s367,312,15600,28,"[96, 222, 344, 353, 354, 533, 567, 579, 584, 692, 751, 961, 962, 994, 1026, 1046, 1049, 1144, 1159, 1706, 1755, 1756, 1757, 1758, 1759, 1760, 1761, 1765]"
s371,21261,425220,51,"[84, 101, 131, 143, 145, 218, 222, 342, 423, 427, 434, 437, 438, 439, 440, 442, 444, 445, 446, 448, 450, 464, 508, 597, 684, 774, 1030, 1034, 1035, 1038, 1040, 1041, 1061, 1138, 1145, 1162, 1163, 1352, 1821, 1822, 1823, 1825, 1826, 1827, 1828, 2071, 2072, 2073, 2074, 2076, 2077]"
s372,30588,305880,63,"[1262, 1263, 1264, 1265, 1266, 1267, 1269, 1270, 1272, 1273, 1280, 1287, 1288, 1293, 1294, 1295, 1299, 1300, 1301, 1304, 1305, 1306, 1307, 1308, 1309, 1314, 1315, 1319, 1320, 1321, 1322, 1323, 1324, 1325, 1326, 1327, 1329, 1330, 1331, 1332, 1333, 1334, 1335, 1336, 1337, 1338, 1339, 1340, 1341, 1342, 1343, 1344, 1345, 1346, 1347, 1348, 1349, 1350, 1351, 1352, 1353, 1354, 1355]"
s373,18858,188580,92,"[1262, 1263, 1264, 1265, 1266, 1267, 1268, 1269, 1270, 1271, 1272, 1273, 1274, 1275, 1276, 1277, 1278, 1279, 1280, 1281, 1282, 1283, 1284, 1285, 1286, 1287, 1288, 1289, 1290, 1291, 1292, 1293, 1294, 1295, 1296, 1297, 1298, 1299, 1300, 1301, 1302, 1303, 1304, 1305, 1306, 1307, 1308, 1309, 1310, 1311, 1312, 1313, 1314, 1315, 1316, 1317, 1318, 1319, 1320, 1321, 1322, 1323, 1324, 1325, 1326, 1327, 1328, 1329, 1330, 1331, 1332, 1333, 1334, 1335, 1336, 1337, 1338, 1340, 1341, 1342, 1344, 1345, 1346, 1347, 1348, 1349, 1350, 1351, 1352, 1353, 1354, 1355]"
s374,448,4480,71,"[1262, 1263, 1264, 1265, 1266, 1267, 1268, 1269, 1270, 1271, 1274, 1275, 1276, 1278, 1279, 1280, 1281, 1282, 1283, 1285, 1286, 1287, 1289, 1290, 1291, 1292, 1294, 1295, 1296, 1298, 1299, 1300, 1302, 1303, 1304, 1305, 1306, 1307, 1308, 1311, 1312, 1314, 1317, 1319, 1320, 1321, 1322, 1323, 1324, 1325, 1327, 1328, 1329, 1331, 1332, 1335, 1337, 1338, 1340, 1341, 1342, 1343, 1345, 1346, 1347, 1348, 1349, 1350, 1352, 1353, 1354]"
s376,439,10975,12,"[80, 81, 84, 91, 102, 133, 231, 515, 1444, 1457, 1805, 1806]"
s377,329,16450,26,"[58, 59, 61, 62, 66, 74, 75, 82, 84, 103, 105, 107, 115, 116, 124, 141, 190, 222, 474, 515, 527, 982, 1162, 1260, 1261, 1614]"
s378,202,2020,14,"[80, 81, 84, 91, 102, 133, 141, 231, 515, 1125, 1457, 1805, 1806, 1807]"
s392,476,47600,67,"[79, 82, 84, 94, 95, 101, 102, 110, 111, 118, 133, 143, 147, 148, 178, 179, 180, 181, 183, 223, 376, 377, 378, 381, 382, 387, 388, 392, 393, 394, 395, 398, 400, 401, 402, 403, 404, 405, 406, 407, 408, 409, 410, 411, 412, 413, 414, 415, 416, 457, 458, 459, 460, 462, 463, 556, 565, 696, 697, 794, 795, 817, 871, 1191, 1258, 2113, 2116]"
s396,2438,23750,89,"[101, 105, 132, 151, 191, 424, 426, 448, 508, 532, 1346, 1488, 1591, 1852, 1911, 1912, 1913, 1914, 1915, 1916, 1918, 1919, 1920, 1924, 1925, 1928, 1930, 1932, 1934, 1935, 1938, 1940, 1943, 1945, 1946, 1947, 1948, 1949, 1952, 1953, 1958, 1959, 1960, 1962, 1965, 1966, 1967, 1969, 1972, 1974, 1975, 1978, 1979, 1980, 1981, 1982, 1983, 1984, 1985, 1986, 1987, 1988, 1989, 1990, 1991, 1992, 1993, 2002, 2004, 2005, 2006, 2007, 2008, 2009, 2010, 2011, 2012, 2013, 2014, 2015, 2016, 2018, 2019, 2021, 2023, 2024, 2025, 2026, 2030]"
s397,2247,26958,84,"[101, 105, 151, 424, 441, 503, 532, 1346, 1488, 1577, 1591, 1824, 1852, 1866, 1869, 1911, 1912, 1913, 1914, 1917, 1921, 1922, 1923, 1924, 1925, 1926, 1927, 1929, 1930, 1931, 1933, 1935, 1936, 1937, 1939, 1940, 1941, 1942, 1943, 1944, 1948, 1949, 1950, 1951, 1952, 1953, 1954, 1955, 1957, 1958, 1960, 1961, 1962, 1963, 1964, 1965, 1968, 1969, 1970, 1971, 1972, 1973, 1974, 1976, 1979, 1980, 1981, 1984, 2003, 2007, 2010, 2011, 2012, 2013, 2017, 2018, 2020, 2022, 2024, 2025, 2027, 2028, 2029, 2031]"
s399,2500,62500,13,"[59, 63, 73, 80, 81, 84, 102, 103, 105, 237, 239, 242, 524]"
s404,2987,298700,89,"[58, 59, 60, 61, 62, 63, 66, 67, 68, 69, 70, 71, 72, 73, 74, 75, 78, 79, 80, 81, 84, 87, 92, 94, 99, 102, 105, 115, 116, 117, 128, 130, 135, 137, 141, 145, 150, 184, 185, 189, 190, 192, 193, 194, 199, 200, 201, 227, 231, 255, 342, 387, 460, 473, 474, 515, 554, 609, 610, 623, 638, 760, 791, 792, 828, 1400, 1644, 1829, 1913, 1994, 1995, 1996, 1997, 1998, 2037, 2040, 2048, 2050, 2051, 2055, 2084, 2091, 2114, 2157, 2244, 2368, 2373, 3186, 3285]"
s405,451,45100,55,"[107, 118, 460, 1403, 1405, 1407, 1408, 1409, 1410, 1411, 1412, 1413, 1414, 1415, 1416, 1417, 1418, 1424, 1425, 1426, 1427, 1428, 1429, 1432, 1433, 1434, 1436, 1437, 1439, 1442, 1443, 1444, 1446, 1448, 1455, 1456, 1459, 1593, 1594, 1595, 1596, 1597, 1599, 1601, 1602, 1603, 1605, 1607, 1647, 1648, 1649, 1650, 1654, 1655, 1702]"
s407,700,70000,11,"[59, 91, 96, 103, 185, 369, 801, 2157, 2434, 2435, 2436]"
s410,376,9400,13,"[80, 81, 84, 101, 102, 105, 107, 118, 184, 515, 524, 636, 982]"
s416,548,109600,28,"[58, 59, 60, 61, 64, 65, 66, 67, 70, 72, 73, 74, 75, 79, 81, 82, 83, 84, 85, 88, 90, 143, 982, 1189, 1608, 1610, 1612, 1613]"
s418,2386,59650,68,"[102, 118, 135, 184, 225, 227, 229, 230, 231, 235, 236, 237, 238, 239, 241, 242, 247, 252, 266, 280, 281, 284, 287, 292, 294, 295, 296, 297, 299, 300, 301, 302, 303, 304, 306, 308, 309, 310, 311, 312, 313, 314, 315, 316, 318, 319, 320, 322, 323, 324, 325, 326, 327, 328, 331, 337, 338, 340, 341, 342, 353, 357, 369, 370, 404, 801, 1586, 1857]"
s421,458,45800,50,"[107, 118, 460, 1403, 1405, 1408, 1409, 1411, 1412, 1413, 1415, 1416, 1417, 1418, 1423, 1424, 1425, 1426, 1427, 1429, 1432, 1433, 1434, 1436, 1437, 1439, 1442, 1444, 1448, 1454, 1455, 1459, 1593, 1594, 1595, 1596, 1597, 1600, 1601, 1602, 1603, 1604, 1605, 1606, 1649, 1650, 1654, 1655, 1702, 2092]"
s422,360,36000,42,"[118, 460, 1403, 1405, 1408, 1409, 1410, 1411, 1412, 1413, 1414, 1415, 1416, 1417, 1418, 1424, 1425, 1426, 1427, 1429, 1432, 1433, 1434, 1436, 1437, 1439, 1442, 1454, 1455, 1459, 1593, 1594, 1596, 1602, 1603, 1605, 1648, 1655, 1702, 1705, 2089, 2092]"
s424,998,9980,65,"[1262, 1263, 1264, 1266, 1269, 1270, 1271, 1273, 1274, 1275, 1276, 1278, 1279, 1280, 1283, 1287, 1288, 1290, 1291, 1292, 1293, 1294, 1295, 1296, 1299, 1300, 1304, 1305, 1306, 1307, 1308, 1310, 1314, 1319, 1320, 1321, 1322, 1323, 1324, 1325, 1327, 1328, 1329, 1331, 1332, 1333, 1334, 1335, 1336, 1337, 1338, 1340, 1341, 1342, 1345, 1346, 1347, 1348, 1349, 1350, 1351, 1352, 1353, 1354, 1355]"
s425,773,77300,66,"[107, 118, 460, 1403, 1405, 1407, 1408, 1409, 1410, 1411, 1412, 1413, 1414, 1415, 1416, 1417, 1418, 1424, 1425, 1426, 1427, 1429, 1431, 1432, 1433, 1434, 1436, 1437, 1438, 1439, 1440, 1441, 1442, 1443, 1445, 1446, 1448, 1454, 1455, 1456, 1459, 1593, 1594, 1595, 1596, 1597, 1598, 1599, 1600, 1601, 1602, 1603, 1605, 1607, 1647, 1648, 1649, 1650, 1651, 1654, 1655, 1702, 1703, 1704, 1754, 2092]"
s431,334,5344,56,"[82, 84, 96, 140, 146, 222, 226, 482, 488, 515, 660, 663, 670, 683, 738, 805, 955, 973, 979, 980, 1012, 1100, 1135, 1161, 1250, 1251, 1253, 1255, 1471, 1497, 1617, 1636, 1637, 1708, 1718, 1719, 1720, 1721, 1722, 1723, 1724, 1725, 1730, 1731, 1733, 1734, 1735, 1736, 1737, 1738, 2041, 2090, 2142, 2143, 2144, 2149]"
s432,6367,63627,9,"[2093, 2094, 2095, 2096, 2097, 2098, 2099, 2100, 2101]"
s433,2400,24000,9,"[2093, 2094, 2095, 2096, 2097, 2098, 2099, 2100, 2101]"
s435,1583,79150,72,"[59, 62, 66, 72, 74, 75, 80, 82, 84, 89, 101, 102, 103, 105, 107, 115, 118, 124, 130, 133, 139, 222, 527, 811, 969, 972, 982, 1014, 1034, 1035, 1125, 1162, 1260, 1544, 1545, 1552, 1553, 1554, 1555, 1556, 1557, 1558, 1559, 1560, 1563, 1564, 1566, 1570, 1571, 1572, 1574, 1579, 1583, 1645, 1799, 1829, 1853, 1911, 1946, 2106, 2108, 2109, 2111, 2112, 2114, 2560, 3014, 3073, 3078, 3084, 3289, 3290]"
s436,795,19875,70,"[58, 60, 61, 62, 63, 67, 68, 71, 72, 73, 79, 84, 88, 99, 101, 102, 104, 105, 115, 117, 118, 124, 128, 130, 137, 147, 150, 164, 171, 172, 173, 187, 189, 190, 192, 193, 196, 199, 201, 221, 227, 403, 428, 449, 450, 460, 519, 521, 554, 594, 597, 600, 601, 602, 603, 606, 608, 614, 620, 621, 624, 760, 782, 1741, 1802, 1958, 2037, 2050, 2051, 2052]"
s441,1844,18440,29,"[1262, 1263, 1264, 1265, 1266, 1267, 1314, 1319, 1320, 1321, 1322, 1327, 1337, 1338, 1340, 1341, 1342, 1343, 1345, 1346, 1347, 1348, 1349, 1350, 1353, 1354, 2117, 2118, 2119]"
s442,1227,84225,51,"[107, 118, 460, 1403, 1405, 1408, 1409, 1411, 1412, 1413, 1415, 1416, 1417, 1418, 1423, 1424, 1425, 1426, 1427, 1428, 1429, 1432, 1433, 1434, 1436, 1437, 1439, 1440, 1442, 1444, 1448, 1454, 1455, 1459, 1593, 1594, 1595, 1596, 1597, 1601, 1602, 1603, 1605, 1606, 1648, 1649, 1650, 1654, 1655, 1702, 2092]"
s444,439,10975,51,"[94, 95, 107, 118, 124, 460, 461, 638, 791, 792, 1400, 1402, 1405, 1406, 1407, 1408, 1409, 1411, 1412, 1415, 1416, 1417, 1418, 1419, 1420, 1421, 1422, 1424, 1425, 1426, 1427, 1429, 1431, 1432, 1433, 1434, 1436, 1437, 1438, 1439, 1440, 1441, 1442, 1446, 1447, 1453, 1454, 1455, 1456, 1457, 1459]"
s450,2480,123996,12,"[84, 92, 342, 463, 514, 747, 756, 906, 982, 1098, 1656, 2097]"
s455,997,19945,27,"[80, 84, 92, 94, 95, 102, 103, 105, 118, 124, 222, 235, 236, 237, 238, 239, 240, 242, 243, 460, 515, 635, 638, 1457, 1805, 1827, 1855]"
s457,1396,40440,21,"[92, 102, 349, 361, 461, 533, 982, 1026, 1027, 1125, 1462, 1540, 1647, 1853, 2134, 2138, 2139, 2140, 2141, 2169, 2432]"
s462,782,19520,44,"[59, 60, 70, 73, 74, 78, 80, 82, 84, 99, 101, 102, 103, 105, 119, 124, 130, 139, 142, 164, 184, 202, 203, 211, 212, 216, 237, 238, 239, 240, 242, 403, 527, 760, 983, 984, 1571, 1647, 1703, 1827, 1974, 1998, 2147, 2252]"
s466,1557,112104,47,"[101, 138, 147, 220, 222, 231, 279, 451, 456, 464, 467, 469, 481, 483, 484, 486, 491, 496, 501, 503, 505, 506, 515, 523, 532, 542, 543, 967, 1064, 1471, 1497, 1638, 1639, 1840, 1841, 2089, 2129, 2130, 2131, 2132, 2133, 2134, 2135, 2150, 2158, 2159, 2480]"
s468,2474,61850,44,"[118, 460, 1403, 1405, 1408, 1409, 1411, 1412, 1415, 1416, 1417, 1418, 1424, 1425, 1426, 1427, 1428, 1429, 1431, 1432, 1433, 1434, 1437, 1439, 1442, 1448, 1454, 1455, 1457, 1593, 1594, 1595, 1596, 1597, 1603, 1605, 1647, 1648, 1655, 1702, 2145, 2146, 2147, 2148]"
s470,1673,16730,30,"[1264, 1287, 1293, 1294, 1300, 1304, 1305, 1306, 1307, 1319, 1321, 1322, 1327, 1330, 1331, 1337, 1338, 1340, 1341, 1345, 1346, 1347, 1348, 1349, 1350, 1351, 1352, 1353, 1354, 1355]"
s472,1903,95900,24,"[81, 95, 102, 103, 118, 429, 488, 519, 520, 543, 584, 638, 1498, 1738, 1799, 1848, 1853, 1998, 2153, 2154, 2155, 2156, 2236, 2243]"
s473,545,5450,42,"[81, 84, 101, 102, 110, 111, 113, 133, 138, 146, 182, 377, 381, 400, 401, 403, 498, 687, 1187, 1357, 1363, 1368, 1369, 1370, 1378, 1457, 1647, 1741, 1742, 1743, 1766, 1768, 1769, 1772, 1773, 1775, 1776, 1779, 1786, 1788, 1802, 1913]"
s477,3168,96080,27,"[1314, 1320, 1348, 1871, 1872, 1873, 1876, 1877, 1878, 1883, 1885, 1886, 1887, 1888, 1889, 1893, 1894, 1895, 1896, 1897, 1898, 1899, 1901, 1902, 1903, 1905, 1906]"
s478,616,123200,6,"[79, 85, 103, 119, 184, 459]"
s485,619,46425,37,"[81, 82, 84, 96, 110, 111, 113, 133, 204, 222, 397, 403, 516, 531, 647, 1061, 1185, 1187, 1188, 1357, 1359, 1368, 1369, 1376, 1397, 1457, 1647, 1769, 1772, 1775, 1776, 1777, 1788, 1797, 1802, 1827, 1976]"
s489,1440,14400,25,"[1262, 1263, 1264, 1265, 1267, 1320, 1327, 1337, 1338, 1340, 1341, 1342, 1345, 1346, 1347, 1348, 1349, 1350, 1351, 1352, 1353, 1354, 2117, 2118, 2119]"
s493,948,23700,34,"[80, 84, 91, 102, 105, 141, 184, 222, 460, 503, 515, 982, 1457, 1647, 1767, 1868, 1913, 1924, 1979, 1980, 2515, 2535, 2536, 2537, 2538, 2539, 2541, 2542, 2543, 2544, 2545, 2547, 2562, 2563]"
s503,236,23600,9,"[80, 102, 2232, 2233, 2234, 2235, 2240, 2843, 2844]"
s514,2786,110503,40,"[58, 59, 61, 62, 66, 74, 75, 82, 84, 103, 105, 107, 115, 116, 118, 119, 124, 139, 141, 143, 175, 190, 199, 207, 208, 216, 222, 474, 515, 527, 982, 1119, 1162, 1260, 1614, 1764, 2485, 2495, 2496, 3064]"
s515,3231,161550,6,"[312, 801, 1049, 2246, 2247, 2248]"
s517,1682,336400,42,"[79, 80, 81, 84, 85, 103, 110, 111, 113, 143, 184, 382, 475, 532, 1176, 1177, 1182, 1183, 1186, 1187, 1188, 1357, 1360, 1363, 1365, 1366, 1368, 1369, 1370, 1372, 1376, 1378, 1741, 1768, 1772, 1773, 1775, 1777, 1781, 1786, 1788, 2410]"
s521,350,35000,24,"[82, 141, 557, 582, 980, 1004, 1005, 1161, 1256, 1477, 1636, 1637, 1721, 1722, 1723, 1736, 1738, 1814, 1829, 2154, 2366, 2367, 2371, 2430]"
s531,414,20700,18,"[81, 84, 89, 101, 438, 442, 444, 446, 450, 515, 982, 1034, 1913, 2185, 2186, 2201, 2210, 2217]"
s537,1302,32550,30,"[81, 82, 84, 96, 101, 103, 119, 131, 184, 438, 439, 440, 441, 442, 444, 446, 450, 515, 523, 1030, 1162, 1397, 1647, 1807, 1852, 2013, 2417, 2418, 2423, 2425]"
s545,349,17450,58,"[67, 73, 88, 89, 102, 218, 220, 252, 309, 310, 311, 312, 427, 438, 440, 443, 444, 446, 448, 449, 450, 451, 456, 498, 503, 504, 518, 519, 532, 584, 663, 981, 1125, 1340, 1341, 1345, 1346, 1347, 1348, 1349, 1351, 1352, 1353, 1354, 1448, 1571, 1591, 1602, 1853, 1924, 2013, 2025, 2421, 2539, 2613, 2614, 2881, 3027]"
s547,218,5450,22,"[81, 82, 84, 88, 96, 101, 119, 124, 131, 438, 439, 440, 441, 442, 443, 444, 450, 515, 523, 1647, 1824, 2418]"
s552,315,7875,27,"[81, 82, 84, 88, 96, 101, 103, 119, 124, 131, 184, 438, 439, 440, 441, 442, 443, 444, 450, 515, 523, 1397, 1647, 1807, 1865, 2013, 2425]"
s553,1236,30900,32,"[81, 82, 84, 96, 101, 103, 119, 124, 131, 133, 142, 184, 438, 439, 440, 441, 442, 443, 444, 450, 515, 523, 1162, 1397, 1647, 1824, 1865, 1869, 2415, 2418, 2425, 2498]"
s554,9484,142260,46,"[81, 84, 88, 89, 96, 98, 101, 102, 133, 144, 175, 179, 199, 218, 342, 344, 401, 403, 418, 431, 438, 439, 440, 441, 442, 444, 446, 448, 449, 450, 452, 532, 564, 1034, 1041, 1162, 1351, 1352, 1353, 1354, 1791, 1913, 2219, 2415, 2416, 2417]"
s559,467,11675,22,"[91, 1317, 1319, 1320, 1321, 1322, 1327, 1331, 1337, 1338, 1340, 1341, 1342, 1344, 1345, 1348, 1349, 1350, 1351, 1352, 1353, 1354]"
s567,544,13600,6,"[312, 801, 1049, 2246, 2247, 2248]"
s569,11037,331110,60,"[81, 82, 84, 88, 89, 103, 133, 138, 141, 184, 222, 326, 419, 438, 440, 441, 442, 444, 447, 449, 450, 503, 555, 641, 1034, 1035, 1127, 1128, 1138, 1145, 1162, 1163, 1457, 1557, 1571, 1647, 1824, 1828, 1860, 1866, 1911, 1924, 2039, 2100, 2178, 2185, 2186, 2193, 2194, 2201, 2209, 2217, 2416, 2417, 2464, 2465, 2479, 2481, 2484, 2488]"
s579,350,35000,51,"[118, 460, 1403, 1405, 1408, 1409, 1410, 1411, 1412, 1413, 1414, 1415, 1417, 1418, 1425, 1426, 1427, 1429, 1431, 1432, 1433, 1434, 1436, 1437, 1439, 1440, 1442, 1443, 1444, 1446, 1448, 1454, 1455, 1459, 1593, 1594, 1595, 1596, 1600, 1601, 1602, 1603, 1605, 1607, 1647, 1649, 1650, 1651, 1655, 1702, 1754]"
s583,368,9200,37,"[80, 81, 91, 101, 109, 147, 178, 403, 409, 456, 460, 532, 665, 817, 982, 1146, 1191, 1323, 1341, 1457, 1638, 1639, 1647, 1798, 1913, 2100, 2164, 2168, 2230, 2443, 2444, 2445, 2446, 2447, 2448, 2449, 2460]"
s586,1078,53900,37,"[84, 103, 118, 168, 169, 170, 171, 172, 173, 174, 175, 176, 177, 178, 179, 180, 423, 461, 780, 804, 974, 1351, 1403, 1411, 1412, 1415, 1423, 1426, 1427, 1432, 1433, 1442, 1453, 1597, 1647, 2011, 2461]"
s588,619,30950,39,"[84, 94, 103, 118, 138, 168, 169, 170, 171, 173, 174, 175, 176, 177, 179, 180, 423, 428, 461, 503, 780, 804, 956, 974, 1351, 1403, 1411, 1412, 1415, 1423, 1427, 1432, 1433, 1442, 1453, 1597, 1647, 2011, 2461]"
s593,1610,161000,49,"[300, 311, 312, 429, 461, 488, 503, 511, 512, 522, 557, 582, 584, 906, 952, 1064, 1159, 1498, 1540, 1587, 1635, 1662, 1761, 2527, 2530, 2532, 2549, 2550, 2551, 2557, 2558, 2559, 2561, 2975, 2976, 2977, 3005, 3006, 3036, 3037, 3038, 3053, 3057, 3058, 3065, 3066, 3067, 3068, 3069]"
s594,884,22100,32,"[81, 82, 84, 101, 103, 119, 124, 131, 133, 142, 438, 439, 440, 441, 442, 444, 448, 450, 515, 523, 1035, 1162, 1397, 1647, 1823, 1828, 1865, 1869, 2013, 2415, 2418, 2425]"
s601,315,15750,20,"[72, 73, 74, 81, 84, 89, 92, 101, 103, 104, 124, 179, 222, 441, 515, 524, 635, 1379, 1913, 2074]"
s603,1173,117300,54,"[58, 60, 61, 67, 72, 73, 74, 75, 77, 78, 79, 81, 95, 99, 101, 115, 116, 117, 133, 134, 135, 176, 184, 185, 189, 190, 193, 228, 253, 355, 460, 474, 582, 609, 738, 962, 989, 1174, 1175, 1569, 1609, 1795, 1799, 1802, 1839, 1852, 1853, 1854, 1913, 2048, 2368, 2374, 2427, 2442]"
s604,1124,28100,32,"[81, 82, 84, 96, 101, 103, 119, 131, 184, 420, 438, 440, 441, 442, 443, 444, 446, 449, 450, 515, 523, 1030, 1162, 1397, 1647, 1807, 1852, 1854, 1869, 2417, 2418, 2425]"
s605,922,46100,43,"[84, 103, 118, 138, 168, 169, 170, 171, 172, 173, 174, 175, 176, 177, 178, 179, 180, 423, 428, 435, 503, 780, 804, 956, 974, 1351, 1403, 1411, 1412, 1415, 1423, 1426, 1427, 1432, 1433, 1442, 1453, 1647, 2011, 2461, 2590, 2594, 2598]"
s606,305,45750,12,"[84, 92, 102, 106, 183, 292, 515, 670, 2164, 2167, 2168, 2471]"
s609,598,29900,43,"[84, 103, 118, 138, 168, 169, 170, 171, 172, 173, 174, 175, 176, 177, 178, 179, 180, 423, 428, 435, 503, 780, 804, 956, 974, 1351, 1403, 1411, 1412, 1415, 1423, 1426, 1427, 1432, 1433, 1442, 1453, 1647, 2011, 2461, 2590, 2593, 2602]"
s614,838,20950,50,"[82, 101, 425, 584, 747, 796, 961, 1146, 1647, 1722, 1907, 1908, 1909, 2124, 2563, 2796, 2797, 2798, 2801, 2802, 2805, 2806, 2807, 2810, 2811, 2812, 2813, 2814, 2817, 2818, 2820, 2823, 2824, 2825, 2828, 2836, 2839, 2840, 2841, 2842, 2855, 2880, 2956, 2957, 2971, 3074, 3075, 3079, 3083, 3091]"
s616,354,17700,35,"[84, 103, 118, 168, 169, 170, 171, 172, 173, 174, 175, 176, 177, 179, 180, 423, 461, 780, 804, 974, 1351, 1403, 1411, 1412, 1415, 1423, 1426, 1427, 1432, 1433, 1442, 1453, 1647, 2011, 2461]"
s619,1892,47300,89,"[58, 59, 60, 61, 62, 63, 64, 66, 67, 68, 69, 70, 71, 72, 73, 74, 75, 79, 80, 81, 84, 99, 101, 102, 104, 105, 115, 116, 117, 118, 130, 135, 150, 164, 179, 185, 189, 190, 192, 193, 194, 196, 199, 200, 201, 206, 209, 211, 212, 213, 216, 224, 403, 459, 460, 461, 554, 594, 608, 610, 623, 624, 633, 760, 774, 777, 1146, 1457, 1764, 1913, 1964, 2062, 2081, 2147, 2485, 2489, 2490, 2491, 2492, 2493, 2494, 2495, 2496, 2497, 2499, 2503, 2508, 2509, 2516]"
s620,206,10300,31,"[84, 94, 103, 118, 168, 169, 170, 171, 173, 174, 175, 176, 177, 179, 180, 423, 804, 974, 1351, 1403, 1411, 1412, 1415, 1423, 1432, 1433, 1442, 1453, 1647, 2011, 2461]"
s621,4575,68625,15,"[81, 82, 84, 103, 141, 222, 237, 239, 1262, 1416, 1424, 1457, 1911, 2100, 2185]"
s624,4800,240000,114,"[69, 74, 79, 81, 84, 101, 102, 105, 110, 111, 113, 133, 138, 139, 147, 178, 179, 183, 197, 234, 237, 239, 286, 292, 326, 377, 382, 387, 390, 395, 396, 403, 419, 423, 428, 429, 430, 432, 433, 435, 463, 474, 503, 513, 515, 641, 795, 1125, 1176, 1177, 1182, 1183, 1187, 1188, 1356, 1357, 1358, 1359, 1360, 1362, 1363, 1364, 1365, 1366, 1368, 1369, 1370, 1372, 1373, 1374, 1375, 1376, 1377, 1378, 1380, 1381, 1452, 1457, 1488, 1591, 1742, 1743, 1766, 1768, 1769, 1770, 1772, 1773, 1775, 1777, 1779, 1780, 1781, 1782, 1785, 1786, 1788, 1793, 1796, 1798, 1800, 1802, 1854, 1868, 1869, 1908, 1913, 2238, 2456, 2472, 2473, 2476, 2477, 2478]"
s640,271,6775,33,"[79, 81, 82, 84, 96, 101, 103, 110, 111, 113, 114, 147, 148, 184, 222, 403, 1187, 1365, 1367, 1368, 1369, 1370, 1374, 1376, 1378, 1457, 1772, 1775, 1788, 1802, 1827, 1956, 2513]"
s643,457,22850,18,"[81, 95, 103, 140, 227, 229, 360, 989, 1262, 1263, 1264, 1316, 1342, 1799, 1852, 1913, 2374, 2442]"
s644,681,34050,25,"[84, 107, 179, 222, 322, 323, 324, 515, 521, 523, 687, 988, 1115, 1133, 1145, 1325, 1647, 1851, 2619, 2627, 2780, 3384, 3385, 3475, 3492]"
s652,870,26100,37,"[118, 460, 1403, 1405, 1408, 1409, 1411, 1412, 1415, 1416, 1417, 1424, 1426, 1429, 1431, 1432, 1433, 1437, 1439, 1442, 1448, 1454, 1455, 1457, 1593, 1594, 1596, 1597, 1603, 1605, 1647, 1648, 1702, 2145, 2146, 2147, 2148]"
s654,733,35184,87,"[58, 60, 61, 62, 63, 66, 67, 68, 69, 70, 71, 72, 73, 75, 77, 79, 81, 82, 84, 99, 116, 117, 119, 128, 130, 135, 141, 147, 148, 164, 171, 172, 173, 185, 187, 189, 190, 192, 193, 194, 199, 200, 204, 227, 237, 238, 239, 242, 281, 355, 403, 428, 435, 474, 503, 515, 554, 609, 623, 635, 637, 760, 792, 1175, 1397, 1398, 1457, 1647, 1827, 1952, 2040, 2047, 2050, 2051, 2054, 2055, 2162, 2230, 2375, 2415, 2426, 2427, 2473, 2519, 2520, 2524, 2526]"
s656,1279,55656,93,"[58, 60, 61, 62, 63, 64, 66, 67, 68, 69, 70, 71, 72, 73, 75, 77, 79, 81, 82, 84, 99, 116, 117, 119, 128, 130, 141, 147, 148, 164, 171, 172, 173, 185, 187, 189, 190, 192, 193, 194, 199, 200, 201, 204, 227, 239, 281, 355, 403, 428, 435, 474, 503, 515, 554, 608, 623, 635, 637, 760, 792, 1162, 1175, 1297, 1397, 1398, 1457, 1647, 1827, 1952, 2037, 2040, 2044, 2045, 2047, 2048, 2050, 2051, 2053, 2055, 2057, 2230, 2375, 2415, 2418, 2427, 2473, 2519, 2520, 2522, 2523, 2524, 2549]"
s659,242,6336,61,"[58, 60, 61, 62, 63, 64, 66, 67, 68, 69, 70, 71, 72, 73, 75, 77, 79, 81, 82, 84, 99, 116, 117, 119, 128, 130, 141, 147, 148, 164, 171, 172, 185, 187, 190, 199, 200, 204, 227, 239, 324, 503, 515, 554, 609, 635, 760, 792, 1175, 1457, 1647, 1827, 1952, 2040, 2047, 2051, 2230, 2426, 2519, 2520, 2524]"
s662,1273,28746,79,"[58, 60, 61, 62, 63, 64, 66, 67, 68, 69, 70, 71, 72, 73, 75, 77, 79, 81, 82, 84, 99, 116, 117, 119, 128, 130, 141, 147, 148, 164, 171, 172, 173, 187, 189, 190, 192, 194, 199, 200, 204, 237, 238, 239, 281, 355, 403, 428, 435, 503, 515, 554, 623, 635, 637, 760, 1175, 1397, 1398, 1429, 1457, 1647, 1827, 1952, 2037, 2040, 2047, 2051, 2053, 2054, 2055, 2230, 2375, 2415, 2426, 2427, 2473, 2519, 2520]"
s666,248,6200,19,"[81, 82, 84, 96, 101, 103, 124, 142, 422, 438, 444, 448, 523, 1034, 1647, 1807, 1828, 1852, 2072]"
s668,359,8975,124,"[81, 91, 101, 109, 179, 246, 401, 403, 460, 556, 1146, 1638, 1639, 1647, 1913, 2102, 2164, 2230, 2453, 2618, 2619, 2621, 2622, 2624, 2625, 2626, 2627, 2628, 2630, 2631, 2634, 2635, 2636, 2637, 2638, 2639, 2640, 2641, 2644, 2645, 2649, 2651, 2652, 2653, 2655, 2656, 2658, 2659, 2660, 2661, 2662, 2666, 2668, 2671, 2672, 2673, 2674, 2682, 2683, 2684, 2685, 2688, 2689, 2690, 2691, 2694, 2695, 2696, 2705, 2706, 2707, 2708, 2709, 2710, 2712, 2713, 2715, 2716, 2717, 2718, 2719, 2720, 2721, 2722, 2730, 2735, 2736, 2743, 2744, 2745, 2751, 2754, 2755, 2757, 2759, 2761, 2765, 2767, 2768, 2770, 2778, 2779, 2780, 2781, 2782, 2783, 2784, 2785, 2786, 2788, 2789, 2940, 2941, 2942, 2943, 2950, 2951, 2953, 2972, 2973, 3016, 3017, 3018, 3024]"
s672,387,9675,37,"[82, 84, 102, 147, 183, 227, 300, 342, 429, 512, 515, 522, 524, 533, 803, 811, 986, 988, 1036, 1047, 1128, 1145, 1580, 1647, 1853, 2041, 2114, 2126, 2371, 2429, 2473, 2888, 2889, 2890, 2891, 2899, 2952]"
s682,501,50100,38,"[67, 101, 103, 118, 171, 172, 212, 439, 440, 442, 448, 449, 460, 1405, 1432, 1454, 1455, 1647, 1648, 1702, 1704, 2490, 2569, 2570, 2571, 2572, 2573, 2574, 2575, 2576, 2577, 2578, 2579, 2580, 2581, 2585, 2586, 2589]"
s684,715,35750,50,"[84, 94, 103, 118, 168, 169, 170, 171, 173, 174, 175, 176, 177, 178, 179, 180, 423, 428, 461, 503, 780, 804, 956, 974, 1351, 1403, 1411, 1412, 1415, 1423, 1432, 1433, 1442, 1453, 1597, 1647, 2011, 2461, 2590, 2591, 2593, 2594, 2596, 2597, 2599, 2600, 2602, 2605, 2607, 2608]"
s686,201,10050,37,"[84, 94, 103, 118, 168, 169, 170, 171, 174, 175, 176, 177, 178, 179, 180, 423, 503, 780, 804, 956, 1351, 1403, 1412, 1415, 1423, 1432, 1433, 1442, 1453, 1647, 2461, 2590, 2594, 2596, 2602, 2605, 2607]"
s687,1845,9225,24,"[81, 84, 89, 96, 98, 101, 175, 199, 342, 438, 439, 440, 442, 444, 446, 449, 450, 532, 1162, 1353, 1354, 1913, 2415, 2417]"
s689,489,97800,29,"[1871, 1873, 1877, 1878, 1882, 1885, 1886, 1887, 1888, 1889, 1890, 1891, 1892, 1893, 1894, 1895, 1896, 1897, 1898, 1899, 1903, 1904, 1905, 1906, 2610, 2787, 2791, 2792, 2795]"
s699,914,45700,50,"[84, 94, 103, 118, 168, 169, 170, 171, 173, 174, 175, 176, 177, 178, 179, 180, 423, 428, 461, 503, 780, 804, 956, 974, 1351, 1403, 1411, 1412, 1415, 1423, 1432, 1433, 1442, 1453, 1597, 1647, 2011, 2461, 2590, 2591, 2593, 2594, 2596, 2597, 2599, 2600, 2602, 2605, 2607, 2608]"
s70,300,12000,16,"[59, 63, 70, 73, 81, 82, 84, 88, 89, 91, 101, 103, 105, 109, 118, 124]"
s705,406,20300,41,"[84, 103, 118, 138, 168, 169, 170, 171, 172, 173, 174, 175, 176, 177, 178, 179, 180, 423, 428, 435, 503, 780, 956, 974, 1351, 1403, 1412, 1415, 1423, 1426, 1427, 1432, 1433, 1442, 1453, 1647, 2011, 2461, 2590, 2592, 2602]"
s708,370,18500,42,"[84, 103, 118, 138, 168, 169, 170, 171, 172, 173, 174, 175, 176, 177, 178, 179, 180, 423, 428, 435, 503, 780, 804, 956, 974, 1351, 1403, 1411, 1412, 1415, 1423, 1426, 1427, 1432, 1433, 1442, 1453, 1647, 2011, 2461, 2590, 2594]"
s709,920,46000,43,"[84, 103, 118, 138, 168, 169, 170, 171, 172, 173, 174, 175, 176, 177, 178, 179, 180, 423, 428, 435, 503, 780, 804, 956, 974, 1351, 1403, 1411, 1412, 1415, 1423, 1426, 1427, 1432, 1433, 1442, 1453, 1647, 2011, 2461, 2590, 2594, 2598]"
s711,1142,28550,101,"[81, 84, 92, 101, 110, 111, 113, 138, 139, 140, 142, 146, 177, 228, 376, 377, 378, 379, 380, 381, 382, 387, 388, 394, 395, 397, 401, 403, 428, 429, 435, 463, 474, 524, 564, 597, 684, 795, 973, 982, 993, 1177, 1178, 1183, 1188, 1357, 1358, 1360, 1363, 1364, 1368, 1369, 1370, 1371, 1373, 1374, 1375, 1377, 1380, 1381, 1382, 1383, 1384, 1385, 1387, 1389, 1390, 1397, 1398, 1457, 1647, 1742, 1766, 1779, 1783, 1791, 1805, 1827, 1854, 1855, 1868, 1913, 2102, 2165, 2167, 2238, 2450, 2453, 2454, 2455, 2459, 2472, 2477, 2539, 2546, 2562, 2644, 2651, 2653, 2964, 3208]"
s712,220,22000,45,"[96, 101, 133, 147, 222, 231, 279, 342, 385, 423, 427, 429, 432, 435, 451, 465, 474, 503, 519, 523, 532, 563, 1125, 1138, 1305, 1306, 1382, 1390, 1452, 1591, 1639, 1742, 1791, 1795, 1858, 1868, 1924, 1980, 2134, 2476, 2536, 2538, 2541, 2542, 2659]"
s717,232,11600,12,"[81, 84, 85, 89, 105, 141, 438, 440, 444, 450, 1457, 2498]"
s720,645,12900,63,"[102, 229, 299, 300, 302, 303, 304, 306, 308, 314, 315, 316, 318, 319, 320, 321, 322, 323, 324, 326, 327, 337, 340, 342, 368, 370, 404, 956, 1607, 1647, 2845, 2847, 2851, 2855, 2856, 2858, 2859, 2862, 2863, 2864, 2865, 2866, 2867, 2869, 2877, 2878, 2879, 2896, 2899, 2904, 2919, 2925, 2929, 2930, 2932, 2933, 2937, 2939, 2978, 2980, 2994, 3015, 3313]"
s722,2825,141250,40,"[58, 59, 61, 62, 74, 75, 82, 84, 103, 105, 107, 115, 116, 118, 119, 124, 139, 141, 143, 175, 190, 199, 207, 208, 216, 217, 222, 474, 515, 527, 982, 1119, 1162, 1260, 1614, 1764, 2485, 2495, 2496, 3064]"
s749,458,22895,37,"[59, 61, 62, 74, 75, 82, 84, 103, 105, 107, 115, 116, 118, 119, 124, 139, 141, 143, 175, 190, 199, 207, 208, 216, 222, 474, 515, 527, 982, 1119, 1162, 1260, 1261, 1764, 2485, 2495, 2496]"
s752,1667,83350,64,"[59, 84, 101, 105, 110, 147, 222, 382, 387, 390, 395, 396, 419, 423, 460, 462, 474, 503, 655, 871, 1187, 1380, 1384, 1390, 1413, 1457, 1488, 1539, 1591, 1736, 1775, 1792, 1868, 1911, 1913, 1924, 1976, 1979, 1980, 1991, 1995, 2001, 2423, 2451, 2476, 2538, 2539, 2543, 2562, 2563, 2659, 2962, 2963, 2964, 2965, 2966, 2967, 2968, 2969, 2970, 3020, 3028, 3052, 3059]"
s753,663,31824,25,"[63, 81, 84, 89, 187, 372, 444, 446, 448, 449, 450, 524, 1293, 1294, 1295, 1350, 1644, 1911, 1996, 2084, 2087, 2138, 2437, 2464, 2479]"
s769,5480,164399,59,"[81, 82, 84, 88, 89, 103, 133, 138, 141, 184, 222, 326, 419, 438, 439, 440, 441, 442, 444, 447, 450, 503, 555, 641, 1030, 1034, 1035, 1127, 1128, 1138, 1145, 1162, 1163, 1457, 1557, 1571, 1647, 1828, 1860, 1866, 1911, 1924, 2039, 2100, 2170, 2178, 2185, 2193, 2194, 2201, 2209, 2217, 2416, 2417, 2464, 2465, 2479, 2488, 2498]"
s770,562,16860,30,"[82, 84, 89, 103, 138, 141, 184, 222, 443, 444, 446, 450, 641, 1128, 1145, 1162, 1163, 1349, 1647, 1824, 1911, 2100, 2178, 2201, 2217, 2416, 2417, 2454, 2488, 2628]"
s776,598,29900,43,"[84, 103, 118, 138, 168, 169, 170, 171, 172, 173, 174, 175, 176, 177, 178, 179, 180, 423, 428, 435, 503, 780, 804, 956, 974, 1351, 1403, 1411, 1412, 1415, 1423, 1426, 1427, 1432, 1433, 1442, 1453, 1647, 2011, 2461, 2590, 2593, 2602]"
s779,521,25008,66,"[58, 60, 61, 62, 63, 66, 67, 68, 69, 70, 72, 73, 75, 77, 79, 81, 82, 84, 99, 116, 117, 119, 128, 141, 147, 148, 164, 171, 172, 173, 187, 190, 192, 199, 200, 204, 227, 237, 355, 403, 428, 435, 474, 503, 515, 554, 623, 635, 637, 760, 792, 1297, 1397, 1457, 1827, 1952, 2040, 2051, 2053, 2055, 2057, 2230, 2415, 2473, 2519, 2549]"
s789,280,29800,32,"[59, 73, 74, 82, 84, 88, 102, 103, 105, 117, 128, 132, 141, 175, 204, 236, 403, 474, 515, 621, 792, 1873, 1874, 1877, 1878, 1938, 1942, 2051, 2082, 2543, 2622, 2843]"
s791,391,7820,29,"[102, 108, 140, 141, 147, 183, 227, 242, 301, 461, 595, 642, 988, 1001, 1101, 1125, 1191, 1647, 1798, 1799, 1829, 1889, 1895, 1913, 2155, 2371, 3039, 3040, 3041]"
s793,261,13050,29,"[135, 988, 1603, 1871, 1872, 1873, 1874, 1877, 1878, 1883, 1884, 1885, 1886, 1887, 1888, 1889, 1890, 1891, 1892, 1894, 1895, 1896, 1897, 1898, 1899, 1903, 1905, 1906, 2787]"
s794,399,9975,135,"[81, 91, 101, 109, 119, 179, 246, 401, 403, 460, 1146, 1638, 1639, 1647, 1913, 2102, 2164, 2230, 2447, 2453, 2546, 2618, 2619, 2620, 2622, 2624, 2625, 2627, 2628, 2630, 2631, 2634, 2637, 2640, 2641, 2642, 2643, 2644, 2645, 2646, 2648, 2649, 2651, 2653, 2654, 2656, 2659, 2660, 2661, 2662, 2664, 2665, 2666, 2667, 2668, 2669, 2671, 2672, 2673, 2674, 2675, 2676, 2677, 2678, 2682, 2683, 2684, 2685, 2688, 2689, 2690, 2691, 2694, 2695, 2696, 2699, 2700, 2705, 2706, 2707, 2708, 2709, 2712, 2713, 2714, 2715, 2716, 2717, 2718, 2719, 2720, 2721, 2722, 2724, 2725, 2726, 2743, 2744, 2750, 2753, 2754, 2755, 2773, 2778, 2779, 2781, 2782, 2783, 2784, 2785, 2786, 2788, 2789, 2940, 2941, 2942, 2943, 2944, 2945, 2951, 2953, 2972, 2973, 3016, 3017, 3018, 3023, 3025, 3029, 3030, 3031, 3032, 3033, 3034, 3035]"
s795,250,12500,37,"[84, 103, 118, 168, 169, 170, 171, 172, 173, 174, 175, 176, 177, 178, 179, 180, 423, 428, 503, 780, 804, 974, 1351, 1403, 1412, 1415, 1423, 1426, 1427, 1432, 1433, 1442, 1453, 1647, 2011, 2461, 2599]"
s796,406,20300,41,"[84, 103, 118, 138, 168, 169, 170, 171, 172, 173, 174, 175, 176, 177, 178, 179, 180, 423, 428, 435, 503, 780, 956, 974, 1351, 1403, 1412, 1415, 1423, 1426, 1427, 1432, 1433, 1442, 1453, 1647, 2011, 2461, 2590, 2592, 2602]"
s798,1528,38200,29,"[81, 82, 84, 101, 103, 119, 124, 131, 142, 438, 439, 440, 441, 442, 443, 444, 446, 450, 515, 523, 1030, 1034, 1162, 1397, 1852, 1854, 1869, 2418, 2425]"
s80,431,21550,28,"[59, 60, 61, 62, 66, 68, 69, 70, 71, 72, 73, 74, 75, 77, 79, 80, 81, 82, 84, 96, 99, 100, 101, 102, 103, 115, 116, 117]"
s800,1276,127600,36,"[988, 1264, 1323, 1325, 1337, 1348, 1871, 1873, 1874, 1875, 1877, 1879, 1880, 1882, 1883, 1884, 1885, 1886, 1887, 1888, 1889, 1891, 1892, 1893, 1894, 1895, 1896, 1897, 1899, 1901, 1902, 1903, 1905, 1906, 2787, 2795]"
s801,461,23050,30,"[61, 74, 75, 81, 84, 107, 116, 124, 139, 141, 142, 179, 208, 216, 217, 222, 523, 642, 1146, 1162, 1260, 1457, 1644, 1647, 1764, 1913, 1965, 2081, 2454, 3253]"
s803,1305,32625,32,"[81, 82, 84, 96, 101, 103, 119, 124, 131, 133, 142, 184, 420, 438, 439, 440, 441, 442, 444, 446, 450, 515, 523, 1030, 1162, 1647, 1852, 2013, 2417, 2418, 2423, 2498]"
s804,1242,31050,35,"[81, 82, 84, 96, 101, 103, 119, 124, 131, 142, 184, 438, 439, 440, 441, 442, 444, 446, 448, 450, 515, 523, 1030, 1162, 1397, 1647, 1823, 1828, 1852, 1854, 1869, 2013, 2418, 2423, 2425]"
s812,228,11400,64,"[81, 82, 84, 101, 102, 111, 113, 119, 138, 184, 222, 382, 403, 429, 430, 435, 462, 503, 635, 1176, 1177, 1178, 1340, 1357, 1358, 1359, 1360, 1363, 1368, 1369, 1370, 1374, 1376, 1378, 1381, 1382, 1383, 1384, 1387, 1389, 1397, 1457, 1591, 1647, 1742, 1743, 1766, 1769, 1772, 1786, 1788, 1792, 1795, 1802, 1827, 1848, 1911, 1980, 2451, 2538, 2539, 2541, 2543, 2562]"
s818,324,8100,90,"[81, 91, 101, 109, 119, 179, 246, 401, 403, 460, 1146, 1638, 1647, 1913, 2102, 2164, 2230, 2453, 2618, 2619, 2622, 2624, 2625, 2627, 2628, 2630, 2631, 2632, 2633, 2634, 2635, 2636, 2637, 2638, 2639, 2640, 2642, 2643, 2644, 2645, 2646, 2647, 2648, 2649, 2650, 2651, 2652, 2653, 2654, 2655, 2656, 2657, 2658, 2659, 2660, 2661, 2662, 2666, 2671, 2688, 2705, 2707, 2717, 2718, 2719, 2763, 2764, 2766, 2778, 2779, 2780, 2781, 2782, 2783, 2784, 2785, 2786, 2788, 2789, 2940, 2941, 2942, 2950, 2951, 2972, 2973, 3017, 3029, 3034, 3035]"
s834,416,41600,48,"[81, 84, 110, 111, 113, 124, 133, 135, 184, 222, 227, 281, 382, 982, 1187, 1357, 1368, 1369, 1374, 1382, 1384, 1456, 1457, 1601, 1647, 1742, 1743, 1766, 1768, 1769, 1788, 1795, 1798, 1801, 1827, 1924, 1976, 1994, 2168, 2451, 2453, 2535, 2826, 3080, 3081, 3082, 3377, 3378]"
s841,3880,58200,75,"[58, 60, 61, 62, 63, 64, 67, 68, 69, 70, 71, 72, 73, 75, 79, 82, 84, 88, 99, 102, 115, 116, 117, 118, 128, 130, 132, 135, 137, 141, 147, 153, 164, 183, 185, 187, 189, 190, 192, 193, 194, 199, 200, 201, 221, 227, 289, 291, 325, 342, 554, 595, 600, 601, 602, 606, 607, 608, 614, 622, 623, 637, 760, 1317, 1413, 1457, 1614, 1941, 1974, 2050, 2051, 2418, 2490, 2645, 3086]"
s842,565,16950,3,"[81, 94, 1592]"
s843,1657,33160,60,"[58, 59, 60, 61, 62, 64, 66, 67, 68, 69, 70, 71, 72, 73, 74, 75, 79, 80, 81, 84, 99, 101, 102, 103, 107, 115, 116, 117, 118, 130, 133, 145, 184, 185, 190, 192, 197, 199, 200, 201, 227, 342, 344, 515, 554, 564, 597, 607, 623, 636, 637, 642, 760, 1138, 1145, 1610, 2235, 2470, 2843, 4203]"
s845,250,12500,37,"[84, 103, 118, 168, 169, 170, 171, 172, 173, 174, 175, 176, 177, 178, 179, 180, 423, 428, 503, 780, 804, 974, 1351, 1403, 1412, 1415, 1423, 1426, 1427, 1432, 1433, 1442, 1453, 1647, 2011, 2461, 2599]"
s852,292,29200,16,"[81, 92, 96, 101, 103, 119, 138, 438, 444, 503, 508, 543, 1432, 1791, 2543, 3087]"
s856,1850,92500,37,"[118, 141, 147, 183, 595, 1448, 3092, 3093, 3094, 3095, 3096, 3097, 3098, 3099, 3100, 3101, 3102, 3103, 3104, 3105, 3106, 3107, 3108, 3109, 3110, 3111, 3112, 3113, 3114, 3116, 3117, 3118, 3119, 3120, 3121, 3122, 3123]"
s898,820,11620,27,"[80, 81, 84, 91, 102, 103, 147, 515, 1124, 1806, 1827, 2608, 3085, 3210, 3293, 3295, 3296, 3297, 3298, 3299, 3300, 3301, 3302, 3303, 3304, 3305, 3306]"
s918,208,41600,18,"[81, 102, 143, 1829, 1853, 1854, 1913, 3192, 3194, 3195, 3196, 3197, 3200, 3201, 3204, 3205, 3208, 3484]"
s920,968,19360,46,"[70, 80, 94, 105, 106, 138, 147, 170, 171, 172, 175, 199, 227, 315, 319, 320, 322, 323, 324, 401, 403, 423, 428, 429, 435, 436, 456, 522, 602, 606, 625, 636, 791, 983, 1400, 1432, 1455, 1458, 1647, 2453, 2454, 2543, 2624, 2630, 3088, 3089]"
s956,209,5225,13,"[84, 92, 141, 212, 438, 444, 448, 524, 1040, 1571, 1828, 2099, 2207]"
s957,208,5200,16,"[74, 84, 89, 124, 131, 141, 437, 438, 444, 448, 524, 635, 1040, 1349, 2099, 2207]"
s961,1125,117000,38,"[107, 118, 460, 1403, 1405, 1408, 1409, 1411, 1412, 1415, 1416, 1417, 1418, 1425, 1426, 1427, 1429, 1431, 1432, 1433, 1434, 1437, 1439, 1442, 1448, 1454, 1455, 1593, 1594, 1595, 1596, 1597, 1603, 1605, 1647, 1648, 1655, 1702]"
s972,202,40400,61,"[310, 567, 569, 571, 577, 584, 693, 707, 723, 725, 993, 1004, 1014, 1049, 1125, 1137, 1150, 1158, 1159, 1471, 1540, 1711, 1760, 1852, 1886, 1887, 2139, 2480, 2847, 2899, 3118, 3129, 3131, 3133, 3134, 3135, 3136, 3137, 3138, 3139, 3141, 3143, 3150, 3151, 3152, 3153, 3154, 3155, 3156, 3157, 3158, 3159, 3160, 3161, 3162, 3163, 3164, 3165, 3179, 3180, 3254]"
s98,465,11625,34,"[68, 70, 72, 74, 82, 91, 92, 101, 103, 115, 116, 118, 119, 130, 138, 143, 171, 175, 187, 192, 194, 195, 198, 201, 202, 203, 204, 210, 212, 215, 218, 219, 220, 224]"
s980,963,9630,34,"[80, 82, 84, 94, 135, 228, 239, 243, 269, 281, 284, 287, 292, 300, 321, 325, 328, 331, 336, 339, 353, 355, 369, 515, 533, 642, 643, 811, 988, 1127, 1133, 1145, 2567, 2829]"
s983,1278,131800,26,"[82, 84, 101, 103, 118, 167, 168, 169, 170, 171, 172, 173, 174, 175, 176, 177, 178, 179, 180, 181, 182, 322, 461, 463, 804, 974]"
s989,1124,116900,38,"[107, 118, 460, 1403, 1405, 1408, 1409, 1411, 1412, 1415, 1416, 1417, 1418, 1425, 1426, 1427, 1429, 1431, 1432, 1433, 1434, 1437, 1439, 1442, 1448, 1454, 1455, 1593, 1594, 1595, 1596, 1597, 1603, 1605, 1647, 1648, 1655, 1702]"
s99,679,67900,21,"[82, 84, 101, 118, 167, 168, 169, 170, 171, 172, 173, 174, 175, 176, 177, 178, 179, 180, 181, 182, 463]"
s992,225,6750,10,"[70, 73, 74, 82, 84, 92, 101, 103, 175, 1457]"
s999,546,27300,39,"[84, 103, 118, 168, 169, 170, 171, 172, 173, 174, 175, 176, 177, 178, 179, 180, 423, 428, 503, 780, 804, 974, 1351, 1403, 1412, 1415, 1423, 1426, 1427, 1432, 1433, 1442, 1453, 1597, 1647, 2011, 2461, 2590, 2599]"
